{"stat.chestOpened":37,"stat.useItem.inspirations.stone_crook":353,"stat.craftItem.ceramics.unfired_clay":1,"stat.leaveGame":1,"stat.killEntity.Human":1,"stat.pickup.sky_orchards.acorn_petrified":95,"stat.pickup.sky_orchards.resin_dirt":63,"stat.useItem.inspirations.wooden_crook":676,"stat.pickup.sky_orchards.resin_clay":47,"stat.jump":785,"stat.craftItem.tconstruct.rack":3,"stat.fallOneCm":1563867,"stat.useItem.minecraft.planks":141,"stat.craftItem.sky_orchards.sapling_petrified":1,"stat.useItem.minecraft.stone_axe":101,"stat.crouchOneCm":34072,"stat.mineBlock.sky_orchards.log_dirt":41,"stat.craftItem.inspirations.stone_crook":3,"stat.craftItem.minecraft.chest":1,"stat.useItem.minecraft.dirt":1,"stat.useItem.minecraft.stone_slab2":32,"stat.craftingTableInteraction":41,"stat.craftItem.minecraft.furnace":1,"stat.craftItem.sky_orchards.sapling_gravel":1,"stat.pickup.sky_orchards.sapling_dirt":45,"stat.craftItem.minecraft.stone_axe":1,"stat.damageTaken":7812,"stat.mineBlock.minecraft.torch":6,"stat.mineBlock.sky_orchards.leaves_dirt":300,"stat.pickup.minecraft.planks":29,"stat.flyOneCm":221881,"stat.craftItem.minecraft.wooden_slab":18,"stat.pickup.sky_orchards.resin_petrified":94,"stat.pickup.sky_orchards.sapling_clay":34,"stat.pickup.statues.blockplayerstatue":4,"stat.damageDealt":668,"stat.pickup.sky_orchards.sapling_petrified":91,"stat.timeSinceDeath":24498,"stat.mineBlock.minecraft.dirt":2,"stat.drop.simpletomb.grave_key":1,"stat.drop.sky_orchards.acorn_sand":1,"stat.walkOneCm":178333,"stat.useItem.minecraft.torch":1,"stat.playerKills":5,"stat.mineBlock.sky_orchards.sapling_dirt":1,"stat.craftItem.minecraft.crafting_table":2,"stat.craftItem.inspirations.wooden_crook":9,"stat.furnaceInteraction":12,"stat.pickup.sky_orchards.acorn_clay":29,"stat.useItem.tconstruct.rack":1,"stat.useItem.sky_orchards.sapling_clay":5,"stat.craftItem.ceramics.clay_bucket":1,"stat.craftItem.morecauldrons.oak_cauldron":1,"stat.mineBlock.sky_orchards.sapling_clay":1,"stat.useItem.xlfoodmod.coffee":1,"stat.useItem.tp.toasted_bread":1,"stat.pickup.minecraft.log":136,"stat.craftItem.sky_orchards.acorn_dirt":1,"stat.craftItem.rustic.crushing_tub":1,"stat.pickup.sky_orchards.acorn_gravel":8,"stat.mineBlock.sky_orchards.leaves_clay":255,"stat.pickup.sky_orchards.acorn_sand":2,"stat.craftItem.tconstruct.stone_stick":8,"stat.useItem.sky_orchards.sapling_petrified":11,"stat.pickup.sky_orchards.acorn_dirt":47,"stat.sprintOneCm":126150,"stat.pickup.sky_orchards.sapling_gravel":1,"stat.craftItem.minecraft.stick":32,"stat.pickup.ceramics.unfired_clay":6,"stat.drop.sky_orchards.sapling_dirt":1,"stat.mineBlock.sky_orchards.sapling_gravel":1,"stat.mineBlock.sky_orchards.leaves_petrified":612,"stat.craftItem.minecraft.planks":208,"stat.craftItem.minecraft.dirt":3,"stat.mobKills":1,"stat.craftItem.minecraft.clay_ball":16,"stat.mineBlock.minecraft.log":1,"stat.mineBlock.sky_orchards.log_clay":29,"stat.deaths":23,"stat.mineBlock.minecraft.planks":5,"stat.drop":3,"stat.playOneMinute":125885,"stat.pickup.minecraft.torch":6,"stat.craftItem.sky_orchards.sapling_clay":1,"stat.sneakTime":10648,"stat.useItem.sky_orchards.acorn_dirt":1,"stat.craftItem.minecraft.clay":4,"stat.craftItem.minecraft.cobblestone":15,"stat.useItem.sky_orchards.sapling_dirt":8,"stat.mineBlock.sky_orchards.log_petrified":65}