{"stat.mineBlock.sky_orchards.log_coal":37,"stat.craftItem.sky_orchards.sapling_sand":1,"stat.pickup.minecraft.wooden_slab":3,"stat.leaveGame":23,"stat.pickup.bdsandm.wood_crate":4,"stat.pickup.rustic.crushing_tub":7,"stat.useItem.sky_orchards.sapling_copper":4,"stat.mineBlock.sky_orchards.log_dirt":116,"stat.drop.sky_orchards.sapling_redstone":1,"stat.craftItem.inspirations.dyed_bottle":12,"stat.pickup.sky_orchards.resin_cottonwood":7,"stat.pickup.minecraft.rotten_flesh":7,"stat.pickup.sky_orchards.acorn_diamond":12,"stat.pickup.horsepower.hand_grindstone":1,"stat.craftItem.sky_orchards.amber_clay":33,"stat.craftItem.sky_orchards.sapling_gravel":1,"stat.pickup.sky_orchards.sapling_dirt":115,"stat.drop.sky_orchards.amber_silver":1,"stat.craftItem.minecraft.stone_axe":12,"stat.pickup.minecraft.bucket":1,"stat.pickup.sky_orchards.resin_petrified":275,"stat.craftItem.minecraft.wooden_pickaxe":1,"stat.craftItem.minecraft.bed":1,"stat.pickup.tcomplement.porcelain_melter":3,"stat.furnaceInteraction":174,"stat.craftItem.sky_orchards.acorn_dirt":1,"stat.pickup.sky_orchards.acorn_coal":32,"stat.drop.sky_orchards.acorn_dirt":5,"stat.pickup.sky_orchards.acorn_dirt":161,"stat.pickup.sky_orchards.sapling_coal":31,"stat.pickup.ceramics.unfired_clay":3,"stat.craftItem.tconstruct.wood_rail":4,"stat.useItem.minecraft.flint_and_steel":38,"stat.useItem.minecraft.wheat_seeds":3,"stat.craftItem.morecauldrons.cobble_cauldron":3,"stat.useItem.minecraft.dye":80,"stat.pickup.sky_orchards.sapling_copper":26,"stat.deaths":8,"stat.pickup.minecraft.egg":1,"stat.pickup.sky_orchards.leaves_dirt":2,"stat.pickup.tconstruct.wood_rail":1,"stat.drop.sky_orchards.sapling_tin":1,"stat.pickup.sky_orchards.sapling_lapis":25,"stat.mineBlock.minecraft.tallgrass":207,"stat.useItem.sky_orchards.sapling_sand":14,"stat.chestOpened":1045,"stat.pickup.inspirations.stone_crook":1,"stat.drop.sky_orchards.amber_tin":1,"stat.pickup.sky_orchards.resin_redstone":6,"stat.mineBlock.sky_orchards.leaves_iron":661,"stat.craftItem.minecraft.coal":69,"stat.pickup.tconstruct.cast_custom":1,"stat.useItem.sky_orchards.sapling_gravel":7,"stat.craftItem.sky_orchards.sapling_redstone":1,"stat.crouchOneCm":150580,"stat.craftItem.minecraft.diamond":10,"stat.mineBlock.minecraft.chest":7,"stat.craftItem.minecraft.iron_ingot":134,"stat.pickup.bonsaitrees.bonsaipot":10,"stat.pickup.sky_orchards.resin_lapis":35,"stat.craftItem.minecraft.hopper":22,"stat.craftingTableInteraction":290,"stat.mineBlock.tconstruct.rack":2,"stat.craftItem.tconstruct.pattern":4,"stat.pickup.sky_orchards.sapling_tin":1,"stat.pickup.sky_orchards.acorn_redstone":5,"stat.pickup.minecraft.dye":19,"stat.pickup.minecraft.planks":59,"stat.pickup.sky_orchards.resin_iron":212,"stat.pickup.minecraft.wheat_seeds":15,"stat.mineBlock.minecraft.dirt":4,"stat.pickup.sky_orchards.acorn_iron":136,"stat.mineBlock.sky_orchards.leaves_lapis":119,"stat.pickup.sky_orchards.sapling_iron":118,"stat.pickup.inspirations.carrot_seeds":5,"stat.craftItem.tp.toasted_bread":4,"stat.drop.minecraft.rotten_flesh":1,"stat.useItem.minecraft.cobblestone":2,"stat.mineBlock.minecraft.double_plant":1,"stat.craftItem.tcomplement.porcelain_melter":2,"stat.pickup.sky_orchards.resin_gravel":114,"stat.pickup.sky_orchards.resin_silver":5,"stat.drop.minecraft.sapling":1,"stat.drop.sky_orchards.sapling_lapis":1,"stat.pickup.minecraft.apple":2,"stat.pickup.integrateddynamics.squeezer":1,"stat.mineBlock.sky_orchards.sapling_gravel":2,"stat.craftItem.minecraft.bucket":2,"stat.craftItem.minecraft.planks":1492,"stat.craftItem.minecraft.dirt":36,"stat.mineBlock.minecraft.log":52,"stat.pickup.rustic.sapling_apple":7,"stat.useItem.sky_orchards.sapling_diamond":1,"stat.useItem.sky_orchards.acorn_sand":4,"stat.pickup.minecraft.red_flower":9,"stat.mineBlock.sky_orchards.log_cottonwood":4,"stat.useItem.minecraft.wooden_axe":169,"stat.useItem.sky_orchards.leaves_sand":1,"stat.craftItem.minecraft.cobblestone":38,"stat.mineBlock.minecraft.cobblestone":247,"stat.pickup.minecraft.flint":12,"stat.mineBlock.minecraft.yellow_flower":19,"stat.killEntity.Human":7,"stat.craftItem.minecraft.wool":3,"stat.pickup.pickletweaks.coal_piece":15,"stat.craftItem.compactstorage.chestbuilder":1,"stat.mineBlock.sky_orchards.leaves_redstone":27,"stat.useItem.minecraft.obsidian":9,"stat.useItem.minecraft.stone_slab2":177,"stat.craftItem.minecraft.furnace":3,"stat.mineBlock.minecraft.obsidian":11,"stat.mineBlock.sky_orchards.leaves_dirt":512,"stat.craftItem.sky_orchards.amber_gold":2,"stat.flyOneCm":219782,"stat.mineBlock.sky_orchards.leaves_coal":111,"stat.mineBlock.sky_orchards.log_copper":25,"stat.mineBlock.morecauldrons.cobble_cauldron":2,"stat.timeSinceDeath":89490,"stat.craftItem.minecraft.iron_block":1,"stat.craftItem.tcomplement.porcelain_tank":1,"stat.pickup.sky_orchards.acorn_lead":7,"stat.mineBlock.sky_orchards.leaves_diamond":81,"stat.useItem.tp.toasted_bread":4,"stat.pickup.minecraft.string":4,"stat.mineBlock.minecraft.ladder":3,"stat.pickup.tcomplement.porcelain_casting":3,"stat.craftItem.tconstruct.stone_stick":40,"stat.useItem.sky_orchards.sapling_petrified":35,"stat.craftItem.tconstruct.tooltables":6,"stat.sprintOneCm":292458,"stat.craftItem.minecraft.wooden_axe":5,"stat.mineBlock.sky_orchards.leaves_petrified":814,"stat.mineBlock.sky_orchards.sapling_iron":1,"stat.pickup.inspirations.wooden_crook":1,"stat.craftItem.bdsandm.crate_key":1,"stat.mineBlock.sky_orchards.log_lead":5,"stat.pickup.sky_orchards.resin_diamond":21,"stat.useItem.minecraft.ladder":2,"stat.mineBlock.bonsaitrees.bonsaipot":10,"stat.killEntity.Zombie":2,"stat.craftItem.minecraft.dye":192,"stat.craftItem.minecraft.diamond_axe":1,"stat.diveOneCm":19040,"stat.pickup.minecraft.wheat":17,"stat.craftItem.minecraft.ladder":6,"stat.pickup.minecraft.stone_axe":1,"stat.useItem.bonsaitrees.bonsaipot":18,"stat.pickup.minecraft.obsidian":10,"stat.craftItem.sky_orchards.sapling_coal":1,"stat.pickup.sky_orchards.resin_clay":123,"stat.jump":2070,"stat.mineBlock.sky_orchards.leaves_nickel":160,"stat.mineBlock.sky_orchards.leaves_copper":56,"stat.craftItem.minecraft.lever":2,"stat.craftItem.minecraft.torch":116,"stat.mineBlock.sky_orchards.log_sand":72,"stat.pickup.minecraft.dirt":17,"stat.drop.ceramics.unfired_clay":1,"stat.pickup.sky_orchards.resin_bone":56,"stat.useItem.minecraft.sapling":5,"stat.damageTaken":2726,"stat.mineBlock.minecraft.torch":11,"stat.mineBlock.minecraft.red_flower":10,"stat.mineBlock.minecraft.sapling":1,"stat.pickup.minecraft.bed":1,"stat.pickup.minecraft.diamond_axe":1,"stat.pickup.sky_orchards.sapling_clay":83,"stat.pickup.statues.blockplayerstatue":10,"stat.animalsBred":1,"stat.useItem.minecraft.chest":62,"stat.useItem.tconstruct.wood_rail":1,"stat.pickup.sky_orchards.acorn_nickel":12,"stat.pickup.sky_orchards.sapling_bone":47,"stat.pickup.sky_orchards.leaves_sand":30,"stat.craftItem.morecauldrons.oak_cauldron":7,"stat.craftItem.sky_orchards.amber_silver":1,"stat.drop.inspirations.wooden_crook":1,"stat.craftItem.rustic.crushing_tub":1,"stat.mineBlock.sky_orchards.leaves_lead":38,"stat.mineBlock.sky_orchards.log_diamond":14,"stat.pickup.thermalfoundation.storage":1,"stat.pickup.minecraft.ladder":2,"stat.mobKills":11,"stat.craftItem.minecraft.shears":1,"stat.drop.tconstruct.wood_rail":4,"stat.mineBlock.sky_orchards.log_gold":6,"stat.pickup.minecraft.diamond":1,"stat.pickup.minecraft.beetroot_seeds":7,"stat.mineBlock.rustic.crushing_tub":7,"stat.pickup.minecraft.torch":17,"stat.drop.minecraft.stone_axe":1,"stat.mineBlock.sky_orchards.log_nickel":17,"stat.mineBlock.sky_orchards.log_petrified":185,"stat.craftItem.sky_orchards.sapling_cottonwood":1,"stat.useItem.inspirations.path":2,"stat.pickup.sky_orchards.resin_lead":9,"stat.useItem.minecraft.planks":885,"stat.mineBlock.sky_orchards.leaves_tin":19,"stat.craftItem.sky_orchards.sapling_petrified":1,"stat.craftItem.horsepower.hand_grindstone":1,"stat.useItem.minecraft.water_bucket":1,"stat.useItem.sky_orchards.sapling_iron":27,"stat.drop.sky_orchards.sapling_petrified":1,"stat.pickup.inspirations.mulch":6,"stat.craftItem.minecraft.wooden_hoe":1,"stat.drop.minecraft.diamond":1,"stat.pickup.sky_orchards.sapling_nickel":26,"stat.mineBlock.horsepower.hand_grindstone":1,"stat.drop.ceramics.clay_bucket":1,"stat.pickup.xlfoodmod.lettuce_seeds":4,"stat.mineBlock.sky_orchards.leaves_gold":12,"stat.craftItem.thermalfoundation.material":9,"stat.craftItem.tcomplement.porcelain_casting":2,"stat.pickup.sky_orchards.acorn_copper":30,"stat.craftItem.minecraft.sand":3,"stat.pickup.minecraft.pumpkin_seeds":5,"stat.playOneMinute":700191,"stat.pickup.tconstruct.rack":2,"stat.useItem.sky_orchards.acorn_dirt":1,"stat.drop.statues.blockplayerstatue":1,"stat.pickup.tp.toasted_bread":4,"stat.pickup.sky_orchards.acorn_petrified":184,"stat.craftItem.sky_orchards.sapling_diamond":1,"stat.useItem.inspirations.wooden_crook":468,"stat.pickup.sky_orchards.resin_sand":132,"stat.pickup.sky_orchards.resin_gold":9,"stat.fallOneCm":509321,"stat.craftItem.inspirations.mulch":22,"stat.pickup.minecraft.melon_seeds":3,"stat.craftItem.minecraft.chest":91,"stat.mineBlock.sky_orchards.leaves_sand":427,"stat.pickup.sky_orchards.sapling_sand":68,"stat.pickup.sky_orchards.resin_tin":8,"stat.mineBlock.bdsandm.wood_crate":4,"stat.pickup.sky_orchards.sapling_gold":4,"stat.mineBlock.sky_orchards.sapling_petrified":1,"stat.useItem.minecraft.stone_pickaxe":161,"stat.mineBlock.sky_orchards.log_bone":37,"stat.craftItem.sky_orchards.amber_tin":1,"stat.craftItem.integrateddynamics.squeezer":2,"stat.useItem.minecraft.torch":57,"stat.mineBlock.sky_orchards.sapling_dirt":2,"stat.pickup.advancementbook.advancement_book":2,"stat.useItem.minecraft.log":10,"stat.pickup.minecraft.crafting_table":3,"stat.pickup.sky_orchards.acorn_gold":8,"stat.craftItem.minecraft.crafting_table":4,"stat.craftItem.ceramics.clay_bucket":4,"stat.pickup.minecraft.log":939,"stat.pickup.matteroverdrive.rogue_android_part":1,"stat.pickup.sky_orchards.acorn_sand":93,"stat.pickup.sky_orchards.amber_tin":1,"stat.craftItem.sky_orchards.acorn_sand":4,"stat.pickup.minecraft.sapling":25,"stat.killEntity.rogue_android":1,"stat.mineBlock.sky_orchards.log_clay":86,"stat.pickup.sky_orchards.acorn_lapis":12,"stat.useItem.sky_orchards.sapling_nickel":3,"stat.useItem.sky_orchards.sapling_coal":6,"stat.sneakTime":42313,"stat.pickup.sky_orchards.sapling_diamond":10,"stat.pickup.minecraft.yellow_flower":19,"stat.useItem.sky_orchards.sapling_dirt":20,"stat.drop.minecraft.wooden_axe":1,"stat.pickup.minecraft.chest":7,"stat.drop.minecraft.stone_pickaxe":1,"stat.pickup.minecraft.bone":3,"stat.craftItem.ceramics.unfired_clay":276,"stat.mineBlock.sky_orchards.leaves_gravel":146,"stat.mineBlock.sky_orchards.leaves_silver":3,"stat.pickup.sky_orchards.resin_dirt":541,"stat.craftItem.sky_orchards.amber_iron":87,"stat.swimOneCm":6381,"stat.craftItem.inspirations.stone_crook":22,"stat.useItem.sky_orchards.sapling_bone":5,"stat.useItem.minecraft.dirt":22,"stat.mineBlock.tconstruct.wood_rail":1,"stat.craftItem.minecraft.bone_block":19,"stat.craftItem.sky_orchards.sapling_bone":1,"stat.craftItem.minecraft.stone_pickaxe":2,"stat.pickup.minecraft.cobblestone":179,"stat.pickup.sky_orchards.sapling_lead":6,"stat.pickup.sky_orchards.resin_coal":58,"stat.craftItem.minecraft.wooden_slab":12,"stat.craftItem.sky_orchards.amber_lapis":1,"stat.pickup.sky_orchards.sapling_petrified":217,"stat.mineBlock.sky_orchards.leaves_cottonwood":13,"stat.pickup.sky_orchards.resin_nickel":25,"stat.mineBlock.sky_orchards.sapling_sand":1,"stat.useItem.sky_orchards.sapling_clay":11,"stat.mineBlock.sky_orchards.leaves_clay":312,"stat.craftItem.minecraft.stone_slab2":0,"stat.pickup.sky_orchards.sapling_cottonwood":4,"stat.mineBlock.tcomplement.porcelain_melter":2,"stat.craftItem.minecraft.stick":136,"stat.craftItem.minecraft.stone":23,"stat.mineBlock.minecraft.crafting_table":3,"stat.useItem.minecraft.diamond_pickaxe":75,"stat.craftItem.animalcrops.seeds":2,"stat.craftItem.minecraft.clay_ball":262,"stat.pickup.sky_orchards.amber_silver":1,"stat.pickup.xlfoodmod.coffee_cup":1,"stat.pickup.sky_orchards.resin_copper":36,"stat.mineBlock.minecraft.planks":62,"stat.drop":31,"stat.craftItem.sky_orchards.sapling_clay":1,"stat.mineBlock.rustic.leaves_apple":40,"stat.drop.tcomplement.porcelain_melter":1,"stat.craftItem.minecraft.diamond_pickaxe":1,"stat.craftItem.minecraft.clay":33,"stat.useItem.inspirations.stone_crook":3118,"stat.pickup.sky_orchards.acorn_cottonwood":7,"stat.mineBlock.sky_orchards.leaves_bone":297,"stat.useItem.minecraft.glass_bottle":2,"stat.pickup.sky_orchards.amber_lead":1,"stat.useItem.minecraft.diamond_axe":193,"stat.pickup.morecauldrons.cobble_cauldron":1,"stat.useItem.minecraft.apple":1,"stat.pickup.sky_orchards.acorn_tin":1,"stat.craftItem.tconstruct.rack":2,"stat.useItem.minecraft.wooden_hoe":8,"stat.pickup.sky_orchards.sapling_redstone":8,"stat.craftItem.bonsaitrees.bonsaipot":47,"stat.useItem.minecraft.stone_axe":698,"stat.craftItem.minecraft.bread":4,"stat.pickup.sky_orchards.leaves_cottonwood":4,"stat.craftItem.minecraft.flint_and_steel":1,"stat.drop.inspirations.stone_crook":1,"stat.pickup.minecraft.leaves":44,"stat.mineBlock.sky_orchards.log_lapis":25,"stat.useItem.minecraft.wooden_pickaxe":33,"stat.craftItem.sky_orchards.amber_copper":7,"stat.mineBlock.sky_orchards.log_redstone":4,"stat.damageDealt":2716,"stat.craftItem.minecraft.glass":2,"stat.sleepInBed":1,"stat.pickup.tconstruct.stone_stick":1,"stat.mineBlock.sky_orchards.log_iron":143,"stat.pickup.sky_orchards.acorn_bone":38,"stat.mineBlock.integrateddynamics.squeezer":1,"stat.walkOneCm":1671171,"stat.pickup.ceramics.clay_bucket":2,"stat.useItem.morecauldrons.oak_cauldron":3,"stat.playerKills":2,"stat.pickup.minecraft.stick":6,"stat.craftItem.inspirations.wooden_crook":14,"stat.pickup.sky_orchards.acorn_clay":99,"stat.pickup.rustic.apple_seeds":1,"stat.mineBlock.sky_orchards.log_silver":4,"stat.drop.minecraft.diamond_axe":1,"stat.drop.minecraft.iron_block":1,"stat.craftItem.ceramics.faucet":2,"stat.mineBlock.sky_orchards.log_gravel":45,"stat.pickup.sky_orchards.acorn_gravel":61,"stat.pickup.sky_orchards.acorn_silver":4,"stat.pickup.sky_orchards.sapling_gravel":33,"stat.pickup.sky_orchards.sapling_silver":1,"stat.drop.sky_orchards.sapling_dirt":2,"stat.useItem.sky_orchards.acorn_clay":3,"stat.craftItem.bdsandm.wood_crate":2,"stat.mineBlock.tcomplement.porcelain_casting":3,"stat.mineBlock.minecraft.leaves":214,"stat.craftItem.sky_orchards.amber_nickel":2,"stat.craftItem.minecraft.brick":197}