{"stat.mineBlock.sky_orchards.log_coal":5,"stat.pickup.minecraft.bone":1,"stat.craftItem.sky_orchards.sapling_sand":1,"stat.craftItem.ceramics.unfired_clay":2,"stat.leaveGame":3,"stat.mineBlock.sky_orchards.leaves_gravel":126,"stat.pickup.minecraft.flint":12,"stat.killEntity.Human":1,"stat.pickup.sky_orchards.resin_dirt":77,"stat.pickup.pickletweaks.coal_piece":1,"stat.craftItem.sky_orchards.amber_iron":39,"stat.swimOneCm":3419,"stat.pickup.rustic.crushing_tub":5,"stat.useItem.minecraft.planks":157,"stat.craftItem.sky_orchards.sapling_petrified":1,"stat.mineBlock.sky_orchards.log_dirt":46,"stat.craftItem.inspirations.stone_crook":6,"stat.useItem.minecraft.dirt":1,"stat.useItem.minecraft.stone_slab2":74,"stat.craftItem.minecraft.furnace":1,"stat.craftItem.sky_orchards.sapling_gravel":1,"stat.pickup.sky_orchards.sapling_dirt":68,"stat.craftItem.minecraft.bone_block":1,"stat.useItem.minecraft.egg":6,"stat.craftItem.minecraft.stone_axe":3,"stat.craftItem.sky_orchards.sapling_bone":1,"stat.mineBlock.sky_orchards.leaves_dirt":343,"stat.flyOneCm":442600,"stat.mineBlock.sky_orchards.leaves_coal":43,"stat.pickup.sky_orchards.resin_coal":28,"stat.craftItem.minecraft.wooden_slab":18,"stat.pickup.sky_orchards.resin_petrified":100,"stat.pickup.sky_orchards.sapling_petrified":92,"stat.timeSinceDeath":29903,"stat.drop.minecraft.log":3,"stat.drop.simpletomb.grave_key":1,"stat.pickup.minecraft.wooden_axe":1,"stat.furnaceInteraction":48,"stat.useItem.tconstruct.rack":1,"stat.useItem.sky_orchards.sapling_clay":5,"stat.useItem.xlfoodmod.coffee":1,"stat.mineBlock.rustic.apple_seeds":1,"stat.useItem.tp.toasted_bread":1,"stat.craftItem.sky_orchards.acorn_dirt":1,"stat.pickup.sky_orchards.acorn_coal":29,"stat.mineBlock.sky_orchards.leaves_clay":287,"stat.craftItem.minecraft.stone_slab2":0,"stat.craftItem.tconstruct.stone_stick":8,"stat.useItem.sky_orchards.sapling_petrified":11,"stat.pickup.sky_orchards.acorn_dirt":61,"stat.sprintOneCm":313687,"stat.pickup.sky_orchards.sapling_coal":10,"stat.useItem.minecraft.fence":11,"stat.craftItem.minecraft.stick":44,"stat.pickup.ceramics.unfired_clay":9,"stat.craftItem.minecraft.wooden_axe":1,"stat.useItem.carryon.tile_item":9,"stat.mineBlock.sky_orchards.leaves_petrified":612,"stat.craftItem.minecraft.fence_gate":1,"stat.pickup.sky_orchards.leaves_gravel":2,"stat.pickup.sky_orchards.leaves_coal":10,"stat.craftItem.minecraft.clay_ball":24,"stat.useItem.minecraft.dye":5,"stat.deaths":30,"stat.mineBlock.minecraft.planks":10,"stat.drop":10,"stat.pickup.minecraft.egg":6,"stat.pickup.sky_orchards.leaves_dirt":2,"stat.playOneMinute":309826,"stat.craftItem.sky_orchards.sapling_clay":1,"stat.mineBlock.rustic.leaves_apple":44,"stat.useItem.sky_orchards.acorn_dirt":1,"stat.mineBlock.bonsaitrees.bonsaipot":6,"stat.killEntity.Zombie":1,"stat.craftItem.minecraft.dye":9,"stat.craftItem.minecraft.clay":6,"stat.diveOneCm":10671,"stat.useItem.sky_orchards.sapling_sand":1,"stat.chestOpened":430,"stat.useItem.inspirations.stone_crook":733,"stat.pickup.minecraft.arrow":1,"stat.pickup.sky_orchards.acorn_petrified":102,"stat.useItem.inspirations.wooden_crook":676,"stat.pickup.sky_orchards.resin_sand":17,"stat.craftItem.sky_orchards.sapling_coal":1,"stat.pickup.sky_orchards.resin_clay":76,"stat.pickup.sky_orchards.leaves_iron":11,"stat.jump":1758,"stat.useItem.sky_orchards.sapling_gravel":1,"stat.craftItem.tconstruct.rack":3,"stat.fallOneCm":2094086,"stat.craftItem.inspirations.mulch":12,"stat.pickup.sky_orchards.leaves_bone":4,"stat.craftItem.bonsaitrees.bonsaipot":6,"stat.useItem.minecraft.stone_axe":163,"stat.crouchOneCm":45018,"stat.mineBlock.minecraft.chest":4,"stat.craftItem.minecraft.chest":12,"stat.mineBlock.sky_orchards.log_sand":11,"stat.craftItem.minecraft.iron_ingot":15,"stat.pickup.minecraft.dirt":6,"stat.pickup.bonsaitrees.bonsaipot":6,"stat.craftItem.minecraft.hopper":3,"stat.craftingTableInteraction":115,"stat.mineBlock.sky_orchards.leaves_sand":96,"stat.pickup.sky_orchards.resin_bone":8,"stat.pickup.sky_orchards.sapling_sand":12,"stat.useItem.minecraft.sapling":1,"stat.pickup.minecraft.leaves":5,"stat.damageTaken":10312,"stat.mineBlock.minecraft.torch":13,"stat.pickup.minecraft.dye":2,"stat.pickup.minecraft.planks":33,"stat.pickup.sky_orchards.resin_iron":23,"stat.pickup.sky_orchards.sapling_clay":43,"stat.pickup.statues.blockplayerstatue":4,"stat.damageDealt":1106,"stat.sleepInBed":3,"stat.mineBlock.minecraft.dirt":2,"stat.pickup.sky_orchards.acorn_iron":17,"stat.craftItem.minecraft.gravel":3,"stat.pickup.sky_orchards.acorn_bone":11,"stat.drop.minecraft.stick":4,"stat.drop.sky_orchards.acorn_sand":1,"stat.walkOneCm":384122,"stat.pickup.ceramics.clay_bucket":2,"stat.useItem.minecraft.torch":1,"stat.playerKills":5,"stat.useItem.minecraft.chest":10,"stat.pickup.sky_orchards.sapling_iron":4,"stat.mineBlock.sky_orchards.sapling_dirt":1,"stat.pickup.sky_orchards.leaves_clay":1,"stat.pickup.minecraft.stick":27,"stat.pickup.sky_orchards.sapling_bone":3,"stat.craftItem.minecraft.crafting_table":2,"stat.craftItem.inspirations.wooden_crook":9,"stat.pickup.sky_orchards.acorn_clay":32,"stat.pickup.rustic.apple_seeds":2,"stat.craftItem.ceramics.clay_bucket":2,"stat.craftItem.morecauldrons.oak_cauldron":2,"stat.mineBlock.sky_orchards.sapling_clay":1,"stat.pickup.minecraft.log":286,"stat.mineBlock.sky_orchards.log_gravel":17,"stat.pickup.sky_orchards.resin_gravel":36,"stat.craftItem.rustic.crushing_tub":1,"stat.pickup.sky_orchards.acorn_gravel":37,"stat.pickup.sky_orchards.acorn_sand":24,"stat.pickup.minecraft.sapling":13,"stat.pickup.sky_orchards.sapling_gravel":28,"stat.pickup.minecraft.apple":2,"stat.drop.sky_orchards.sapling_dirt":1,"stat.mineBlock.sky_orchards.sapling_gravel":1,"stat.craftItem.minecraft.planks":504,"stat.craftItem.minecraft.dirt":8,"stat.mobKills":1,"stat.pickup.sky_orchards.leaves_petrified":4,"stat.mineBlock.minecraft.log":20,"stat.craftItem.minecraft.fence":12,"stat.mineBlock.sky_orchards.log_clay":30,"stat.useItem.carryon.entity_item":7,"stat.pickup.rustic.sapling_apple":6,"stat.mineBlock.minecraft.leaves":82,"stat.mineBlock.rustic.crushing_tub":5,"stat.pickup.minecraft.torch":14,"stat.sneakTime":17292,"stat.useItem.minecraft.wooden_axe":9,"stat.craftItem.minecraft.brick":18,"stat.craftItem.minecraft.cobblestone":18,"stat.useItem.sky_orchards.sapling_dirt":8,"stat.mineBlock.sky_orchards.log_petrified":65,"stat.pickup.minecraft.chest":4}