{"stat.mineBlock.tcomplement.porcelain_tank":1,"stat.mineBlock.tconstruct.seared_tank":1,"stat.useItem.sky_orchards.sapling_cottonwood":3,"stat.leaveGame":1,"stat.mineBlock.minecraft.cobblestone":96,"stat.pickup.minecraft.stone_pickaxe":1,"stat.mineBlock.sky_orchards.leaves_silver":15,"stat.craftItem.tconstruct.faucet":3,"stat.craftItem.sky_orchards.amber_iron":68,"stat.swimOneCm":945,"stat.pickup.rustic.crushing_tub":1,"stat.pickup.tconstruct.faucet":7,"stat.useItem.sky_orchards.sapling_lapis":4,"stat.pickup.sky_orchards.resin_lead":26,"stat.useItem.minecraft.planks":27,"stat.mineBlock.sky_orchards.leaves_tin":148,"stat.craftItem.minecraft.gold_block":1,"stat.craftItem.inspirations.stone_crook":7,"stat.mineBlock.sky_orchards.leaves_redstone":98,"stat.useItem.minecraft.stone_slab2":74,"stat.pickup.sky_orchards.resin_cottonwood":22,"stat.useItem.minecraft.water_bucket":4,"stat.pickup.sky_orchards.acorn_diamond":22,"stat.craftItem.minecraft.lapis_block":1,"stat.useItem.minecraft.egg":1,"stat.craftItem.minecraft.stone_axe":2,"stat.pickup.minecraft.bucket":1,"stat.craftItem.minecraft.stone_pickaxe":2,"stat.pickup.minecraft.cobblestone":76,"stat.craftItem.tconstruct.casting":3,"stat.craftItem.sky_orchards.amber_gold":50,"stat.craftItem.minecraft.glass_bottle":3,"stat.flyOneCm":132078,"stat.pickup.minecraft.clay":28,"stat.pickup.sky_orchards.sapling_lead":14,"stat.mineBlock.morecauldrons.cobble_cauldron":1,"stat.timeSinceDeath":137783,"stat.mineBlock.sky_orchards.leaves_cottonwood":108,"stat.drop.minecraft.diamond":1,"stat.drop.minecraft.log":68,"stat.pickup.tcomplement.porcelain_melter":2,"stat.craftItem.tconstruct.seared":29,"stat.furnaceInteraction":59,"stat.useItem.minecraft.golden_carrot":3,"stat.useItem.sky_orchards.sapling_gold":2,"stat.pickup.sky_orchards.acorn_lead":12,"stat.mineBlock.sky_orchards.amber_iron":4,"stat.mineBlock.sky_orchards.leaves_diamond":160,"stat.craftItem.minecraft.stone_hoe":1,"stat.useItem.xlfoodmod.coffee":1,"stat.useItem.tp.toasted_bread":1,"stat.craftItem.tconstruct.soil":144,"stat.mineBlock.sky_orchards.leaves_gold":142,"stat.pickup.minecraft.string":7,"stat.pickup.sky_orchards.amber_iron":4,"stat.pickup.tconstruct.smeltery_controller":2,"stat.pickup.tcomplement.porcelain_casting":5,"stat.craftItem.minecraft.stone_slab2":0,"stat.pickup.sky_orchards.sapling_cottonwood":13,"stat.craftItem.tconstruct.stone_stick":16,"stat.pickup.sky_orchards.acorn_dirt":1,"stat.sprintOneCm":137051,"stat.mineBlock.tcomplement.porcelain_melter":2,"stat.drop.sky_orchards.resin_gravel":33,"stat.craftItem.minecraft.stick":12,"stat.pickup.ceramics.unfired_clay":1,"stat.useItem.carryon.tile_item":9,"stat.pickup.tconstruct.smeltery_io":3,"stat.craftItem.minecraft.sand":35,"stat.useItem.minecraft.wheat_seeds":1,"stat.useItem.tconstruct.casting":1,"stat.mineBlock.sky_orchards.log_tin":19,"stat.useItem.minecraft.diamond_pickaxe":48,"stat.pickup.minecraft.golden_carrot":9,"stat.useItem.minecraft.dye":6,"stat.pickup.sky_orchards.amber_silver":1,"stat.mineBlock.sky_orchards.log_lead":16,"stat.mineBlock.minecraft.planks":11,"stat.deaths":2,"stat.useItem.tconstruct.smeltery_io":3,"stat.drop":24,"stat.craftItem.minecraft.melon_seeds":3,"stat.pickup.minecraft.egg":1,"stat.playOneMinute":247478,"stat.pickup.sky_orchards.resin_diamond":19,"stat.pickup.tconstruct.rack":1,"stat.drop.minecraft.string":2,"stat.useItem.tconstruct.seared":42,"stat.drop.sky_orchards.sapling_tin":1,"stat.pickup.sky_orchards.sapling_lapis":23,"stat.useItem.sky_orchards.acorn_dirt":2,"stat.craftItem.minecraft.diamond_pickaxe":2,"stat.pickup.minecraft.iron_block":1,"stat.useItem.minecraft.melon_seeds":2,"stat.craftItem.minecraft.dye":9,"stat.drop.sky_orchards.leaves_iron":2,"stat.diveOneCm":8003,"stat.useItem.sky_orchards.sapling_sand":1,"stat.pickup.minecraft.wheat":4,"stat.pickup.tconstruct.seared":26,"stat.chestOpened":379,"stat.useItem.inspirations.stone_crook":962,"stat.pickup.sky_orchards.acorn_cottonwood":19,"stat.pickup.tconstruct.casting":7,"stat.drop.sky_orchards.amber_tin":1,"stat.useItem.minecraft.glass_bottle":1,"stat.pickup.sky_orchards.resin_redstone":24,"stat.mineBlock.tconstruct.smeltery_controller":1,"stat.pickup.morecauldrons.cobble_cauldron":1,"stat.mineBlock.sky_orchards.leaves_iron":80,"stat.pickup.sky_orchards.resin_sand":30,"stat.craftItem.minecraft.coal":45,"stat.mineBlock.tconstruct.faucet":7,"stat.drop.sky_orchards.amber_lead":1,"stat.pickup.tconstruct.cast_custom":1,"stat.jump":1092,"stat.pickup.sky_orchards.resin_gold":34,"stat.pickup.sky_orchards.acorn_tin":18,"stat.useItem.sky_orchards.sapling_redstone":2,"stat.fallOneCm":108933,"stat.pickup.tconstruct.seared_tank":1,"stat.pickup.sky_orchards.sapling_redstone":19,"stat.drop.minecraft.dye":3,"stat.pickup.minecraft.carrot":1,"stat.useItem.minecraft.stone_axe":167,"stat.craftItem.minecraft.bread":1,"stat.crouchOneCm":99229,"stat.mineBlock.minecraft.chest":2,"stat.craftItem.minecraft.diamond":10,"stat.mineBlock.sky_orchards.log_sand":6,"stat.craftItem.minecraft.chest":36,"stat.craftItem.minecraft.iron_ingot":63,"stat.pickup.minecraft.dirt":1,"stat.useItem.sky_orchards.sapling_tin":3,"stat.pickup.minecraft.melon":7,"stat.pickup.sky_orchards.resin_lapis":11,"stat.craftingTableInteraction":47,"stat.craftItem.sky_orchards.sapling_lapis":1,"stat.mineBlock.sky_orchards.leaves_sand":36,"stat.drop.ceramics.unfired_clay":1,"stat.pickup.tcomplement.porcelain_tank":1,"stat.pickup.sky_orchards.sapling_sand":8,"stat.mineBlock.tconstruct.rack":1,"stat.pickup.sky_orchards.sapling_tin":22,"stat.pickup.sky_orchards.acorn_redstone":17,"stat.mineBlock.sky_orchards.log_lapis":4,"stat.pickup.sky_orchards.resin_tin":27,"stat.damageTaken":490,"stat.mineBlock.minecraft.torch":7,"stat.mineBlock.minecraft.melon_block":1,"stat.mineBlock.tconstruct.smeltery_io":3,"stat.craftItem.tconstruct.materials":166,"stat.pickup.minecraft.dye":10,"stat.craftItem.sky_orchards.amber_lead":1,"stat.pickup.minecraft.planks":9,"stat.pickup.sky_orchards.resin_iron":13,"stat.pickup.sky_orchards.sapling_gold":20,"stat.pickup.minecraft.bed":1,"stat.mineBlock.sky_orchards.log_redstone":16,"stat.useItem.sky_orchards.amber_iron":4,"stat.pickup.minecraft.wheat_seeds":2,"stat.pickup.tconstruct.materials":12,"stat.useItem.minecraft.stone_pickaxe":104,"stat.pickup.statues.blockplayerstatue":3,"stat.damageDealt":273,"stat.craftItem.minecraft.glass":3,"stat.sleepInBed":1,"stat.mineBlock.sky_orchards.log_iron":2,"stat.pickup.sky_orchards.acorn_iron":10,"stat.craftItem.minecraft.gravel":32,"stat.drop.advancementbook.advancement_book":1,"stat.drop.minecraft.stick":256,"stat.mineBlock.sky_orchards.leaves_lapis":97,"stat.walkOneCm":398859,"stat.drop.sky_orchards.resin_tin":8,"stat.useItem.minecraft.bread":1,"stat.pickup.sky_orchards.sapling_iron":8,"stat.useItem.minecraft.chest":2,"stat.craftItem.tconstruct.smeltery_io":3,"stat.pickup.minecraft.stick":3,"stat.craftItem.tp.toasted_bread":1,"stat.pickup.advancementbook.advancement_book":3,"stat.pickup.sky_orchards.acorn_gold":17,"stat.useItem.minecraft.cobblestone":22,"stat.craftItem.inspirations.wooden_crook":1,"stat.useItem.minecraft.lava_bucket":1,"stat.craftItem.morecauldrons.oak_cauldron":1,"stat.pickup.minecraft.log":123,"stat.useItem.tconstruct.faucet":2,"stat.useItem.sky_orchards.sapling_lead":1,"stat.useItem.minecraft.melon":4,"stat.drop.inspirations.wooden_crook":1,"stat.mineBlock.sky_orchards.leaves_lead":109,"stat.mineBlock.sky_orchards.log_diamond":15,"stat.craftItem.minecraft.gold_ingot":54,"stat.pickup.sky_orchards.acorn_sand":15,"stat.drop.tcomplement.porcelain_casting":1,"stat.pickup.sky_orchards.amber_tin":1,"stat.pickup.sky_orchards.acorn_silver":6,"stat.pickup.minecraft.sapling":1,"stat.drop.sky_orchards.sapling_lapis":1,"stat.pickup.sky_orchards.sapling_silver":3,"stat.craftItem.minecraft.planks":588,"stat.craftItem.minecraft.dirt":1,"stat.mineBlock.tcomplement.porcelain_casting":3,"stat.craftItem.minecraft.fence":198,"stat.mineBlock.sky_orchards.log_gold":22,"stat.useItem.minecraft.stone_hoe":1,"stat.drop.sky_orchards.acorn_gold":1,"stat.pickup.sky_orchards.acorn_lapis":13,"stat.pickup.minecraft.diamond":5,"stat.useItem.sky_orchards.sapling_diamond":2,"stat.mineBlock.rustic.crushing_tub":1,"stat.craftItem.sky_orchards.amber_diamond":2,"stat.pickup.minecraft.torch":6,"stat.mineBlock.tconstruct.seared":23,"stat.sneakTime":28123,"stat.mineBlock.sky_orchards.log_cottonwood":17,"stat.mineBlock.tconstruct.casting":7,"stat.pickup.sky_orchards.sapling_diamond":26,"stat.pickup.minecraft.chest":1}