{"stat.chestOpened":60,"stat.useItem.inspirations.stone_crook":133,"stat.mineBlock.sky_orchards.leaves_lapis":97,"stat.walkOneCm":51098,"stat.useItem.minecraft.chest":2,"stat.pickup.advancementbook.advancement_book":1,"stat.useItem.minecraft.glass_bottle":1,"stat.furnaceInteraction":10,"stat.pickup.sky_orchards.acorn_lead":2,"stat.pickup.sky_orchards.resin_sand":30,"stat.pickup.minecraft.log":18,"stat.drop.sky_orchards.amber_lead":1,"stat.jump":36,"stat.useItem.sky_orchards.sapling_lapis":4,"stat.pickup.sky_orchards.resin_lead":9,"stat.fallOneCm":659,"stat.craftItem.minecraft.stone_slab2":0,"stat.useItem.minecraft.stone_axe":18,"stat.pickup.sky_orchards.acorn_sand":15,"stat.crouchOneCm":9846,"stat.craftItem.tconstruct.stone_stick":4,"stat.craftItem.inspirations.stone_crook":1,"stat.mineBlock.minecraft.chest":2,"stat.mineBlock.sky_orchards.log_sand":6,"stat.craftItem.minecraft.chest":3,"stat.pickup.minecraft.sapling":1,"stat.sprintOneCm":9152,"stat.useItem.minecraft.stone_slab2":6,"stat.drop.sky_orchards.sapling_lapis":1,"stat.pickup.sky_orchards.resin_lapis":11,"stat.craftItem.minecraft.stick":4,"stat.craftingTableInteraction":26,"stat.craftItem.sky_orchards.sapling_lapis":1,"stat.mineBlock.sky_orchards.leaves_sand":36,"stat.craftItem.minecraft.lapis_block":1,"stat.pickup.sky_orchards.sapling_sand":8,"stat.craftItem.minecraft.planks":28,"stat.craftItem.minecraft.stone_axe":1,"stat.craftItem.minecraft.sand":3,"stat.mineBlock.sky_orchards.log_lapis":4,"stat.damageTaken":10,"stat.craftItem.minecraft.stone_pickaxe":1,"stat.pickup.minecraft.dye":1,"stat.mineBlock.sky_orchards.log_lead":6,"stat.craftItem.sky_orchards.amber_lead":1,"stat.flyOneCm":3391,"stat.craftItem.minecraft.glass_bottle":3,"stat.pickup.sky_orchards.acorn_lapis":13,"stat.drop":3,"stat.playOneMinute":32940,"stat.pickup.sky_orchards.sapling_lead":1,"stat.pickup.statues.blockplayerstatue":1,"stat.sneakTime":2669,"stat.pickup.sky_orchards.sapling_lapis":23,"stat.damageDealt":10,"stat.craftItem.minecraft.glass":3,"stat.timeSinceDeath":32940,"stat.craftItem.minecraft.dye":9,"stat.drop.advancementbook.advancement_book":1,"stat.useItem.sky_orchards.sapling_sand":1,"stat.pickup.minecraft.chest":1}