{"stat.chestOpened":1,"stat.leaveGame":1,"stat.killEntity.Human":1,"stat.pickup.sky_orchards.acorn_petrified":12,"stat.pickup.sky_orchards.resin_dirt":57,"stat.useItem.inspirations.wooden_crook":168,"stat.jump":434,"stat.craftItem.tconstruct.rack":3,"stat.fallOneCm":1487365,"stat.useItem.minecraft.planks":70,"stat.craftItem.sky_orchards.sapling_petrified":1,"stat.crouchOneCm":21327,"stat.mineBlock.sky_orchards.log_dirt":37,"stat.useItem.minecraft.stone_slab2":15,"stat.craftingTableInteraction":14,"stat.pickup.sky_orchards.sapling_dirt":36,"stat.damageTaken":7432,"stat.mineBlock.minecraft.torch":2,"stat.mineBlock.sky_orchards.leaves_dirt":244,"stat.pickup.minecraft.planks":1,"stat.flyOneCm":150857,"stat.craftItem.minecraft.wooden_slab":12,"stat.pickup.sky_orchards.resin_petrified":9,"stat.pickup.statues.blockplayerstatue":4,"stat.damageDealt":668,"stat.pickup.sky_orchards.sapling_petrified":6,"stat.timeSinceDeath":9591,"stat.drop.simpletomb.grave_key":1,"stat.drop.sky_orchards.acorn_sand":1,"stat.walkOneCm":76103,"stat.useItem.minecraft.torch":1,"stat.playerKills":5,"stat.mineBlock.sky_orchards.sapling_dirt":1,"stat.craftItem.minecraft.crafting_table":2,"stat.craftItem.inspirations.wooden_crook":2,"stat.useItem.tconstruct.rack":1,"stat.useItem.xlfoodmod.coffee":1,"stat.useItem.tp.toasted_bread":1,"stat.pickup.minecraft.log":43,"stat.pickup.sky_orchards.acorn_sand":2,"stat.pickup.sky_orchards.acorn_dirt":37,"stat.sprintOneCm":57066,"stat.craftItem.minecraft.stick":20,"stat.drop.sky_orchards.sapling_dirt":1,"stat.mineBlock.sky_orchards.leaves_petrified":41,"stat.craftItem.minecraft.planks":112,"stat.craftItem.minecraft.dirt":1,"stat.mobKills":1,"stat.mineBlock.minecraft.log":1,"stat.deaths":22,"stat.mineBlock.minecraft.planks":2,"stat.drop":3,"stat.playOneMinute":53885,"stat.pickup.minecraft.torch":2,"stat.sneakTime":6312,"stat.useItem.sky_orchards.sapling_dirt":7,"stat.mineBlock.sky_orchards.log_petrified":5}