{"stat.mineBlock.sky_orchards.leaves_sand":1,"stat.walkOneCm":44583,"stat.playerKills":7,"stat.craftItem.minecraft.planks":44,"stat.leaveGame":1,"stat.pickup.minecraft.crafting_table":1,"stat.damageTaken":2816,"stat.mineBlock.minecraft.crafting_table":1,"stat.craftItem.minecraft.crafting_table":1,"stat.mobKills":1,"stat.pickup.sky_orchards.resin_dirt":17,"stat.craftItem.minecraft.wooden_sword":1,"stat.pickup.minecraft.planks":1,"stat.pickup.minecraft.log":11,"stat.flyOneCm":127241,"stat.deaths":10,"stat.mineBlock.minecraft.planks":1,"stat.jump":477,"stat.playOneMinute":22688,"stat.fallOneCm":409856,"stat.useItem.minecraft.planks":22,"stat.useItem.minecraft.wooden_sword":39,"stat.pickup.sky_orchards.acorn_gravel":2,"stat.sneakTime":2475,"stat.pickup.statues.blockplayerstatue":1,"stat.damageDealt":2430,"stat.pickup.sky_orchards.sapling_petrified":1,"stat.crouchOneCm":6199,"stat.mineBlock.sky_orchards.log_dirt":11,"stat.killEntity.Zombie":1,"stat.timeSinceDeath":2104,"stat.pickup.sky_orchards.acorn_dirt":1,"stat.sprintOneCm":48197,"stat.useItem.minecraft.stone_slab2":6,"stat.craftItem.minecraft.stick":4,"stat.craftItem.minecraft.wooden_axe":1,"stat.craftingTableInteraction":1}