{"stat.chestOpened":29,"stat.walkOneCm":101043,"stat.leaveGame":2,"stat.craftItem.minecraft.crafting_table":1,"stat.craftItem.inspirations.wooden_crook":3,"stat.pickup.sky_orchards.acorn_petrified":31,"stat.useItem.tconstruct.rack":5,"stat.pickup.sky_orchards.resin_dirt":118,"stat.useItem.xlfoodmod.coffee":1,"stat.useItem.inspirations.wooden_crook":205,"stat.useItem.tp.toasted_bread":1,"stat.pickup.minecraft.log":93,"stat.jump":229,"stat.drop.inspirations.wooden_crook":3,"stat.craftItem.tconstruct.rack":7,"stat.fallOneCm":2868,"stat.useItem.minecraft.planks":197,"stat.craftItem.sky_orchards.sapling_petrified":1,"stat.crouchOneCm":17654,"stat.mineBlock.sky_orchards.log_dirt":79,"stat.useItem.sky_orchards.sapling_petrified":5,"stat.pickup.sky_orchards.acorn_dirt":70,"stat.useItem.minecraft.dirt":6,"stat.sprintOneCm":59341,"stat.useItem.minecraft.stone_slab2":13,"stat.craftingTableInteraction":33,"stat.pickup.sky_orchards.sapling_dirt":42,"stat.mineBlock.sky_orchards.leaves_petrified":153,"stat.craftItem.minecraft.planks":316,"stat.damageTaken":43,"stat.craftItem.minecraft.dirt":10,"stat.pickup.inspirations.wooden_crook":1,"stat.mineBlock.sky_orchards.leaves_dirt":181,"stat.pickup.minecraft.planks":2,"stat.flyOneCm":47660,"stat.mineBlock.minecraft.planks":2,"stat.drop":4,"stat.playOneMinute":62638,"stat.craftItem.minecraft.wooden_slab":78,"stat.pickup.sky_orchards.resin_petrified":24,"stat.sneakTime":4940,"stat.damageDealt":20,"stat.pickup.sky_orchards.sapling_petrified":14,"stat.timeSinceDeath":62638,"stat.drop.tconstruct.cast_custom":1,"stat.craftItem.minecraft.cobblestone":1,"stat.useItem.sky_orchards.sapling_dirt":11,"stat.mineBlock.sky_orchards.log_petrified":15}