{"stat.chestOpened":30,"stat.walkOneCm":121877,"stat.useItem.sky_orchards.acorn_petrified":3,"stat.leaveGame":3,"stat.craftItem.minecraft.crafting_table":1,"stat.craftItem.inspirations.wooden_crook":3,"stat.furnaceInteraction":5,"stat.pickup.sky_orchards.acorn_petrified":50,"stat.useItem.tconstruct.rack":5,"stat.pickup.sky_orchards.resin_dirt":223,"stat.useItem.xlfoodmod.coffee":1,"stat.useItem.inspirations.wooden_crook":205,"stat.useItem.tp.toasted_bread":1,"stat.pickup.minecraft.log":108,"stat.craftItem.sky_orchards.acorn_dirt":3,"stat.jump":380,"stat.drop.inspirations.wooden_crook":3,"stat.craftItem.tconstruct.rack":7,"stat.fallOneCm":6395,"stat.useItem.minecraft.planks":197,"stat.craftItem.sky_orchards.sapling_petrified":1,"stat.craftItem.rustic.crushing_tub":1,"stat.crouchOneCm":19014,"stat.mineBlock.sky_orchards.log_dirt":79,"stat.useItem.sky_orchards.sapling_petrified":5,"stat.pickup.sky_orchards.acorn_dirt":72,"stat.useItem.minecraft.dirt":8,"stat.pickup.minecraft.dirt":2,"stat.sprintOneCm":80887,"stat.useItem.minecraft.stone_slab2":16,"stat.craftingTableInteraction":40,"stat.craftItem.minecraft.furnace":1,"stat.pickup.sky_orchards.sapling_dirt":44,"stat.mineBlock.sky_orchards.leaves_petrified":157,"stat.craftItem.minecraft.planks":316,"stat.damageTaken":43,"stat.craftItem.minecraft.dirt":10,"stat.craftItem.sky_orchards.acorn_petrified":3,"stat.pickup.inspirations.wooden_crook":1,"stat.mineBlock.sky_orchards.leaves_dirt":181,"stat.pickup.minecraft.planks":2,"stat.flyOneCm":80378,"stat.mineBlock.minecraft.planks":2,"stat.drop":4,"stat.playOneMinute":82112,"stat.craftItem.minecraft.wooden_slab":78,"stat.pickup.sky_orchards.resin_petrified":46,"stat.sneakTime":5430,"stat.useItem.sky_orchards.acorn_dirt":3,"stat.damageDealt":43,"stat.pickup.sky_orchards.sapling_petrified":19,"stat.timeSinceDeath":82112,"stat.drop.tconstruct.cast_custom":1,"stat.mineBlock.minecraft.dirt":1,"stat.craftItem.minecraft.cobblestone":22,"stat.useItem.sky_orchards.sapling_dirt":11,"stat.mineBlock.sky_orchards.log_petrified":30}