{
  "worldId": "11fad64b-9e4a-4390-bc74-a9d8cf20422d",
  "shouldDelete": false,
  "data": {
    "edfe2f0f-5ee8-4363-9c90-e7179dafea42": {
      "points": 0
    },
    "7969ecd0-90f3-4260-871c-4e2a4ad92c0d": {
      "points": 0
    },
    "6e04360d-d7b6-4c83-9e19-f5092fac8965": {
      "points": 0
    },
    "2f08c6c3-7048-4b17-8706-8e5c1ad323b4": {
      "points": 0
    },
    "827ac9f6-0fdc-4b2f-aff6-e2dda1c8daaa": {
      "points": 0
    },
    "942c7038-fa7a-4237-9e30-f8340d81b127": {
      "points": 0
    }
  },
  "parabox": 0
}