{"stat.chestOpened":11,"stat.useItem.inspirations.stone_crook":31,"stat.leaveGame":1,"stat.killEntity.Human":1,"stat.pickup.sky_orchards.acorn_petrified":66,"stat.pickup.sky_orchards.resin_dirt":63,"stat.useItem.inspirations.wooden_crook":676,"stat.jump":556,"stat.craftItem.tconstruct.rack":3,"stat.fallOneCm":1491266,"stat.useItem.minecraft.planks":140,"stat.craftItem.sky_orchards.sapling_petrified":1,"stat.useItem.minecraft.stone_axe":47,"stat.crouchOneCm":30511,"stat.mineBlock.sky_orchards.log_dirt":41,"stat.craftItem.inspirations.stone_crook":1,"stat.craftItem.minecraft.chest":1,"stat.useItem.minecraft.dirt":1,"stat.useItem.minecraft.stone_slab2":26,"stat.craftingTableInteraction":27,"stat.craftItem.minecraft.furnace":1,"stat.pickup.sky_orchards.sapling_dirt":45,"stat.craftItem.minecraft.stone_axe":1,"stat.damageTaken":7432,"stat.mineBlock.minecraft.torch":6,"stat.mineBlock.sky_orchards.leaves_dirt":300,"stat.pickup.minecraft.planks":29,"stat.flyOneCm":172758,"stat.craftItem.minecraft.wooden_slab":12,"stat.pickup.sky_orchards.resin_petrified":78,"stat.pickup.sky_orchards.sapling_clay":1,"stat.pickup.statues.blockplayerstatue":4,"stat.damageDealt":668,"stat.pickup.sky_orchards.sapling_petrified":78,"stat.timeSinceDeath":45591,"stat.drop.simpletomb.grave_key":1,"stat.drop.sky_orchards.acorn_sand":1,"stat.walkOneCm":133819,"stat.useItem.minecraft.torch":1,"stat.playerKills":5,"stat.mineBlock.sky_orchards.sapling_dirt":1,"stat.craftItem.minecraft.crafting_table":2,"stat.craftItem.inspirations.wooden_crook":9,"stat.furnaceInteraction":9,"stat.useItem.tconstruct.rack":1,"stat.useItem.xlfoodmod.coffee":1,"stat.useItem.tp.toasted_bread":1,"stat.pickup.minecraft.log":96,"stat.craftItem.sky_orchards.acorn_dirt":1,"stat.mineBlock.sky_orchards.leaves_clay":5,"stat.pickup.sky_orchards.acorn_sand":2,"stat.craftItem.tconstruct.stone_stick":4,"stat.useItem.sky_orchards.sapling_petrified":10,"stat.pickup.sky_orchards.acorn_dirt":47,"stat.sprintOneCm":96108,"stat.craftItem.minecraft.stick":32,"stat.drop.sky_orchards.sapling_dirt":1,"stat.mineBlock.sky_orchards.leaves_petrified":526,"stat.craftItem.minecraft.planks":188,"stat.craftItem.minecraft.dirt":3,"stat.mobKills":1,"stat.mineBlock.minecraft.log":1,"stat.deaths":22,"stat.mineBlock.minecraft.planks":5,"stat.drop":3,"stat.playOneMinute":89885,"stat.pickup.minecraft.torch":6,"stat.craftItem.sky_orchards.sapling_clay":1,"stat.sneakTime":9205,"stat.useItem.sky_orchards.acorn_dirt":1,"stat.craftItem.minecraft.cobblestone":15,"stat.useItem.sky_orchards.sapling_dirt":8,"stat.mineBlock.sky_orchards.log_petrified":54}