{"stat.mineBlock.tcomplement.porcelain_tank":1,"stat.useItem.sky_orchards.sapling_cottonwood":3,"stat.leaveGame":1,"stat.mineBlock.minecraft.cobblestone":96,"stat.pickup.minecraft.stone_pickaxe":1,"stat.mineBlock.sky_orchards.leaves_silver":15,"stat.craftItem.sky_orchards.amber_iron":24,"stat.swimOneCm":249,"stat.pickup.rustic.crushing_tub":1,"stat.pickup.tconstruct.faucet":3,"stat.useItem.sky_orchards.sapling_lapis":4,"stat.pickup.sky_orchards.resin_lead":26,"stat.useItem.minecraft.planks":22,"stat.mineBlock.sky_orchards.leaves_tin":148,"stat.craftItem.inspirations.stone_crook":7,"stat.mineBlock.sky_orchards.leaves_redstone":98,"stat.useItem.minecraft.stone_slab2":36,"stat.pickup.sky_orchards.resin_cottonwood":22,"stat.useItem.minecraft.water_bucket":3,"stat.pickup.sky_orchards.acorn_diamond":22,"stat.craftItem.minecraft.lapis_block":1,"stat.craftItem.minecraft.stone_axe":2,"stat.pickup.minecraft.bucket":1,"stat.craftItem.minecraft.stone_pickaxe":2,"stat.pickup.minecraft.cobblestone":76,"stat.craftItem.sky_orchards.amber_gold":50,"stat.craftItem.minecraft.glass_bottle":3,"stat.flyOneCm":62154,"stat.pickup.minecraft.clay":28,"stat.pickup.sky_orchards.sapling_lead":14,"stat.mineBlock.morecauldrons.cobble_cauldron":1,"stat.timeSinceDeath":65783,"stat.mineBlock.sky_orchards.leaves_cottonwood":108,"stat.drop.minecraft.diamond":1,"stat.pickup.tcomplement.porcelain_melter":2,"stat.furnaceInteraction":12,"stat.useItem.sky_orchards.sapling_gold":2,"stat.pickup.sky_orchards.acorn_lead":12,"stat.mineBlock.sky_orchards.leaves_diamond":160,"stat.useItem.xlfoodmod.coffee":1,"stat.useItem.tp.toasted_bread":1,"stat.mineBlock.sky_orchards.leaves_gold":142,"stat.pickup.minecraft.string":7,"stat.pickup.tcomplement.porcelain_casting":3,"stat.craftItem.minecraft.stone_slab2":0,"stat.pickup.sky_orchards.sapling_cottonwood":13,"stat.craftItem.tconstruct.stone_stick":16,"stat.pickup.sky_orchards.acorn_dirt":1,"stat.sprintOneCm":78932,"stat.mineBlock.tcomplement.porcelain_melter":2,"stat.craftItem.minecraft.stick":12,"stat.pickup.ceramics.unfired_clay":1,"stat.craftItem.minecraft.sand":3,"stat.useItem.minecraft.wheat_seeds":1,"stat.mineBlock.sky_orchards.log_tin":19,"stat.useItem.minecraft.diamond_pickaxe":6,"stat.useItem.minecraft.dye":6,"stat.pickup.sky_orchards.amber_silver":1,"stat.mineBlock.sky_orchards.log_lead":16,"stat.mineBlock.minecraft.planks":8,"stat.deaths":2,"stat.drop":13,"stat.playOneMinute":175478,"stat.pickup.sky_orchards.resin_diamond":19,"stat.pickup.tconstruct.rack":1,"stat.drop.minecraft.string":2,"stat.drop.sky_orchards.sapling_tin":1,"stat.pickup.sky_orchards.sapling_lapis":23,"stat.useItem.sky_orchards.acorn_dirt":2,"stat.craftItem.minecraft.diamond_pickaxe":2,"stat.pickup.minecraft.iron_block":1,"stat.craftItem.minecraft.dye":9,"stat.diveOneCm":5305,"stat.useItem.sky_orchards.sapling_sand":1,"stat.pickup.minecraft.wheat":4,"stat.chestOpened":294,"stat.useItem.inspirations.stone_crook":962,"stat.pickup.sky_orchards.acorn_cottonwood":19,"stat.pickup.tconstruct.casting":3,"stat.drop.sky_orchards.amber_tin":1,"stat.useItem.minecraft.glass_bottle":1,"stat.pickup.sky_orchards.resin_redstone":24,"stat.pickup.morecauldrons.cobble_cauldron":1,"stat.mineBlock.sky_orchards.leaves_iron":80,"stat.pickup.sky_orchards.resin_sand":30,"stat.craftItem.minecraft.coal":1,"stat.mineBlock.tconstruct.faucet":3,"stat.drop.sky_orchards.amber_lead":1,"stat.pickup.tconstruct.cast_custom":1,"stat.jump":571,"stat.pickup.sky_orchards.resin_gold":34,"stat.pickup.sky_orchards.acorn_tin":18,"stat.useItem.sky_orchards.sapling_redstone":2,"stat.fallOneCm":102591,"stat.pickup.sky_orchards.sapling_redstone":19,"stat.drop.minecraft.dye":3,"stat.pickup.minecraft.carrot":1,"stat.useItem.minecraft.stone_axe":163,"stat.craftItem.minecraft.bread":1,"stat.crouchOneCm":78483,"stat.mineBlock.minecraft.chest":2,"stat.craftItem.minecraft.diamond":10,"stat.mineBlock.sky_orchards.log_sand":6,"stat.craftItem.minecraft.chest":36,"stat.craftItem.minecraft.iron_ingot":27,"stat.pickup.minecraft.dirt":1,"stat.useItem.sky_orchards.sapling_tin":3,"stat.pickup.sky_orchards.resin_lapis":11,"stat.craftingTableInteraction":40,"stat.craftItem.sky_orchards.sapling_lapis":1,"stat.mineBlock.sky_orchards.leaves_sand":36,"stat.drop.ceramics.unfired_clay":1,"stat.pickup.tcomplement.porcelain_tank":1,"stat.pickup.sky_orchards.sapling_sand":8,"stat.mineBlock.tconstruct.rack":1,"stat.pickup.sky_orchards.sapling_tin":22,"stat.pickup.sky_orchards.acorn_redstone":17,"stat.mineBlock.sky_orchards.log_lapis":4,"stat.pickup.sky_orchards.resin_tin":27,"stat.damageTaken":490,"stat.mineBlock.minecraft.torch":2,"stat.pickup.minecraft.dye":10,"stat.craftItem.sky_orchards.amber_lead":1,"stat.pickup.minecraft.planks":6,"stat.pickup.sky_orchards.resin_iron":13,"stat.pickup.sky_orchards.sapling_gold":20,"stat.pickup.minecraft.bed":1,"stat.mineBlock.sky_orchards.log_redstone":16,"stat.pickup.minecraft.wheat_seeds":2,"stat.useItem.minecraft.stone_pickaxe":104,"stat.pickup.statues.blockplayerstatue":3,"stat.damageDealt":223,"stat.craftItem.minecraft.glass":3,"stat.mineBlock.sky_orchards.log_iron":2,"stat.pickup.sky_orchards.acorn_iron":10,"stat.drop.advancementbook.advancement_book":1,"stat.mineBlock.sky_orchards.leaves_lapis":97,"stat.walkOneCm":249732,"stat.drop.sky_orchards.resin_tin":8,"stat.useItem.minecraft.bread":1,"stat.pickup.sky_orchards.sapling_iron":8,"stat.useItem.minecraft.chest":2,"stat.pickup.minecraft.stick":2,"stat.pickup.advancementbook.advancement_book":2,"stat.pickup.sky_orchards.acorn_gold":17,"stat.useItem.minecraft.cobblestone":22,"stat.craftItem.inspirations.wooden_crook":1,"stat.useItem.minecraft.lava_bucket":1,"stat.craftItem.morecauldrons.oak_cauldron":1,"stat.pickup.minecraft.log":121,"stat.useItem.sky_orchards.sapling_lead":1,"stat.drop.inspirations.wooden_crook":1,"stat.mineBlock.sky_orchards.leaves_lead":109,"stat.mineBlock.sky_orchards.log_diamond":15,"stat.pickup.sky_orchards.acorn_sand":15,"stat.pickup.sky_orchards.amber_tin":1,"stat.pickup.sky_orchards.acorn_silver":6,"stat.pickup.minecraft.sapling":1,"stat.drop.sky_orchards.sapling_lapis":1,"stat.pickup.sky_orchards.sapling_silver":3,"stat.craftItem.minecraft.planks":324,"stat.craftItem.minecraft.dirt":1,"stat.mineBlock.tcomplement.porcelain_casting":3,"stat.craftItem.minecraft.fence":6,"stat.mineBlock.sky_orchards.log_gold":22,"stat.drop.sky_orchards.acorn_gold":1,"stat.pickup.sky_orchards.acorn_lapis":13,"stat.pickup.minecraft.diamond":1,"stat.useItem.sky_orchards.sapling_diamond":2,"stat.mineBlock.rustic.crushing_tub":1,"stat.craftItem.sky_orchards.amber_diamond":2,"stat.pickup.minecraft.torch":2,"stat.sneakTime":22384,"stat.mineBlock.sky_orchards.log_cottonwood":17,"stat.mineBlock.tconstruct.casting":3,"stat.pickup.sky_orchards.sapling_diamond":26,"stat.pickup.minecraft.chest":1}