{"stat.mineBlock.sky_orchards.log_coal":37,"stat.mineBlock.integrateddynamics.cable":1,"stat.craftItem.sky_orchards.sapling_sand":1,"stat.pickup.minecraft.wooden_slab":6,"stat.craftItem.xnet.xnet_manual":2,"stat.leaveGame":34,"stat.pickup.bdsandm.wood_crate":4,"stat.pickup.tconstruct.edible":71,"stat.craftItem.sky_orchards.amber_bone":23,"stat.killEntity.PigZombie":27,"stat.pickup.rustic.crushing_tub":7,"stat.pickup.tconstruct.faucet":1,"stat.useItem.sky_orchards.sapling_copper":4,"stat.entityKilledBy.PigZombie":2,"stat.mineBlock.sky_orchards.log_dirt":116,"stat.drop.sky_orchards.sapling_redstone":1,"stat.craftItem.inspirations.dyed_bottle":12,"stat.pickup.sky_orchards.resin_cottonwood":69,"stat.pickup.minecraft.rotten_flesh":49,"stat.pickup.sky_orchards.acorn_diamond":19,"stat.pickup.horsepower.hand_grindstone":2,"stat.craftItem.sky_orchards.amber_clay":60,"stat.drop.deepmoblearning.soot_covered_redstone":1,"stat.craftItem.telepastries.nether_cake":1,"stat.craftItem.sky_orchards.sapling_gravel":1,"stat.pickup.sky_orchards.sapling_dirt":135,"stat.drop.sky_orchards.amber_silver":1,"stat.craftItem.minecraft.stone_axe":12,"stat.pickup.minecraft.bucket":1,"stat.pickup.integrateddynamics.menril_sapling":47,"stat.pickup.integrateddynamics.menril_berries":1154,"stat.pickup.sky_orchards.resin_petrified":393,"stat.craftItem.minecraft.wooden_pickaxe":1,"stat.mineBlock.sky_orchards.amber_cottonwood":6,"stat.craftItem.minecraft.bed":3,"stat.pickup.tcomplement.porcelain_melter":4,"stat.pickup.cyclicmagic.item_pump":6,"stat.drop.minecraft.diamond_chestplate":1,"stat.pickup.thermalfoundation.material":49,"stat.furnaceInteraction":318,"stat.useItem.minecraft.golden_carrot":25,"stat.pickup.headcrumbs.skull":1,"stat.entityKilledBy.WitherSkeleton":1,"stat.craftItem.sky_orchards.acorn_dirt":1,"stat.pickup.sky_orchards.amber_bone":46,"stat.pickup.sky_orchards.acorn_coal":90,"stat.pickup.minecraft.beef":12,"stat.mineBlock.minecraft.wooden_button":2,"stat.drop.sky_orchards.acorn_dirt":5,"stat.craftItem.storagenetwork.storage_kabel":24,"stat.pickup.sky_orchards.acorn_dirt":170,"stat.pickup.inspirations.potato_seeds":2,"stat.craftItem.integrateddynamics.wrench":2,"stat.pickup.sky_orchards.sapling_coal":53,"stat.useItem.minecraft.fence":50,"stat.pickup.ceramics.unfired_clay":109,"stat.craftItem.tconstruct.wood_rail":4,"stat.useItem.minecraft.flint_and_steel":38,"stat.mineBlock.minecraft.fence":7,"stat.useItem.minecraft.wheat_seeds":12,"stat.craftItem.deepmoblearning.extraction_chamber":2,"stat.craftItem.minecraft.dropper":5,"stat.pickup.sky_orchards.leaves_coal":44,"stat.pickup.integrateddynamics.crystalized_menril_block":4,"stat.craftItem.morecauldrons.cobble_cauldron":3,"stat.useItem.minecraft.dye":745,"stat.pickup.sky_orchards.sapling_copper":49,"stat.deaths":16,"stat.useItem.tconstruct.smeltery_io":1,"stat.pickup.minecraft.egg":154,"stat.pickup.sky_orchards.leaves_dirt":2,"stat.pickup.xlfoodmod.raw_corn":32,"stat.pickup.tconstruct.wood_rail":1,"stat.drop.sky_orchards.sapling_tin":1,"stat.pickup.sky_orchards.sapling_lapis":63,"stat.craftItem.minecraft.repeater":6,"stat.mineBlock.minecraft.tallgrass":369,"stat.useItem.sky_orchards.sapling_sand":14,"stat.pickup.tconstruct.seared":62,"stat.chestOpened":1647,"stat.pickup.inspirations.stone_crook":2,"stat.drop.sky_orchards.amber_tin":1,"stat.pickup.sky_orchards.resin_redstone":36,"stat.mineBlock.rustic.deathstalk_mushroom":3,"stat.mineBlock.sky_orchards.leaves_iron":661,"stat.craftItem.minecraft.quartz_block":4,"stat.craftItem.minecraft.coal":299,"stat.pickup.tconstruct.cast_custom":2,"stat.useItem.sky_orchards.sapling_gravel":7,"stat.useItem.sky_orchards.amber_cottonwood":3,"stat.craftItem.sky_orchards.sapling_redstone":1,"stat.pickup.minecraft.carrot":285,"stat.crouchOneCm":197267,"stat.craftItem.minecraft.diamond":123,"stat.mineBlock.minecraft.chest":85,"stat.craftItem.minecraft.iron_ingot":598,"stat.pickup.bonsaitrees.bonsaipot":39,"stat.pickup.sky_orchards.resin_lapis":75,"stat.craftItem.minecraft.hopper":40,"stat.craftingTableInteraction":300,"stat.mineBlock.tconstruct.rack":2,"stat.pickup.tconstruct.slime_channel":8,"stat.craftItem.tconstruct.pattern":4,"stat.pickup.sky_orchards.sapling_tin":19,"stat.craftItem.integrateddynamics.cable":27,"stat.pickup.sky_orchards.acorn_redstone":89,"stat.pickup.minecraft.wooden_pickaxe":1,"stat.useItem.minecraft.reeds":4,"stat.pickup.minecraft.dye":657,"stat.pickup.minecraft.planks":142,"stat.pickup.sky_orchards.resin_iron":253,"stat.pickup.minecraft.wheat_seeds":125,"stat.pickup.darkutils.material":9,"stat.mineBlock.minecraft.dirt":5,"stat.pickup.sky_orchards.acorn_iron":165,"stat.mineBlock.sky_orchards.leaves_lapis":119,"stat.pickup.compactstorage.compactchest":2,"stat.pickup.tconstruct.pattern":1,"stat.pickup.sky_orchards.sapling_iron":281,"stat.pickup.inspirations.carrot_seeds":13,"stat.craftItem.tp.toasted_bread":4,"stat.drop.minecraft.rotten_flesh":1,"stat.useItem.minecraft.cobblestone":7,"stat.mineBlock.minecraft.double_plant":1,"stat.craftItem.tcomplement.porcelain_melter":2,"stat.pickup.sky_orchards.resin_gravel":981,"stat.craftItem.integrateddynamics.drying_basin":2,"stat.drop.minecraft.carrot":1,"stat.pickup.sky_orchards.resin_silver":1621,"stat.craftItem.minecraft.gold_ingot":109,"stat.drop.minecraft.sapling":1,"stat.pickup.minecraft.chicken":18,"stat.craftItem.minecraft.brewing_stand":2,"stat.drop.sky_orchards.sapling_lapis":1,"stat.pickup.minecraft.apple":2,"stat.pickup.integrateddynamics.squeezer":1,"stat.pickup.minecraft.coal_block":1,"stat.mineBlock.sky_orchards.sapling_gravel":2,"stat.craftItem.minecraft.bucket":9,"stat.craftItem.minecraft.planks":2147,"stat.craftItem.minecraft.dirt":158,"stat.mineBlock.minecraft.log":72,"stat.pickup.rustic.sapling_apple":13,"stat.craftItem.storagenetwork.master":2,"stat.useItem.sky_orchards.sapling_diamond":1,"stat.craftItem.minecraft.paper":9,"stat.useItem.sky_orchards.acorn_sand":4,"stat.pickup.minecraft.red_flower":19,"stat.mineBlock.sky_orchards.log_cottonwood":4,"stat.pickup.minecraft.wool":7,"stat.useItem.minecraft.wooden_axe":169,"stat.useItem.sky_orchards.leaves_sand":1,"stat.craftItem.minecraft.cobblestone":198,"stat.mineBlock.tcomplement.porcelain_tank":1,"stat.craftItem.storagenetwork.remote":1,"stat.craftItem.minecraft.diamond_leggings":2,"stat.mineBlock.minecraft.cobblestone":510,"stat.pickup.minecraft.stone_pickaxe":1,"stat.pickup.minecraft.flint":16,"stat.mineBlock.minecraft.yellow_flower":27,"stat.killEntity.Human":7,"stat.drop.thermalfoundation.material":1,"stat.craftItem.minecraft.wool":5,"stat.pickup.pickletweaks.coal_piece":30,"stat.craftItem.compactstorage.chestbuilder":1,"stat.pickup.integratedtunnels.part_interface_item_item":6,"stat.craftItem.minecraft.arrow":32,"stat.mineBlock.sky_orchards.leaves_redstone":27,"stat.useItem.minecraft.obsidian":9,"stat.pickup.integrateddynamics.cable":73,"stat.useItem.minecraft.stone_slab2":310,"stat.craftItem.minecraft.furnace":23,"stat.useItem.minecraft.egg":36,"stat.mineBlock.minecraft.obsidian":11,"stat.mineBlock.sky_orchards.leaves_dirt":512,"stat.pickup.minecraft.shears":1,"stat.craftItem.minecraft.bow":1,"stat.craftItem.sky_orchards.amber_gold":46,"stat.craftItem.cyclicmagic.item_pump":5,"stat.flyOneCm":917269,"stat.craftItem.storagenetwork.ex_kabel":4,"stat.mineBlock.sky_orchards.leaves_coal":111,"stat.mineBlock.sky_orchards.log_copper":25,"stat.mineBlock.morecauldrons.cobble_cauldron":5,"stat.craftItem.tconstruct.slime_channel":3,"stat.timeSinceDeath":103609,"stat.craftItem.minecraft.iron_block":1,"stat.craftItem.tconstruct.seared":73,"stat.craftItem.tcomplement.porcelain_tank":1,"stat.useItem.tconstruct.rack":1,"stat.pickup.sky_orchards.acorn_lead":26,"stat.mineBlock.sky_orchards.leaves_diamond":81,"stat.useItem.tp.toasted_bread":5,"stat.pickup.minecraft.string":5,"stat.pickup.sky_orchards.amber_iron":51,"stat.mineBlock.minecraft.ladder":3,"stat.pickup.tcomplement.porcelain_casting":5,"stat.useItem.minecraft.milk_bucket":4,"stat.drop.sky_orchards.acorn_petrified":6,"stat.craftItem.tconstruct.stone_stick":40,"stat.useItem.sky_orchards.sapling_petrified":35,"stat.craftItem.tconstruct.tooltables":8,"stat.sprintOneCm":854087,"stat.craftItem.minecraft.wooden_axe":5,"stat.useItem.carryon.tile_item":5,"stat.mineBlock.sky_orchards.leaves_petrified":814,"stat.mineBlock.sky_orchards.sapling_iron":1,"stat.pickup.inspirations.wooden_crook":2,"stat.craftItem.bdsandm.crate_key":1,"stat.pickup.tconstruct.nuggets":20,"stat.mineBlock.sky_orchards.log_lead":5,"stat.pickup.sky_orchards.resin_diamond":127,"stat.useItem.minecraft.ladder":2,"stat.craftItem.deepmoblearning.machine_casing":2,"stat.mineBlock.bonsaitrees.bonsaipot":36,"stat.killEntity.Zombie":2,"stat.craftItem.minecraft.dye":862,"stat.useItem.animalcrops.seeds":1,"stat.craftItem.minecraft.diamond_axe":2,"stat.diveOneCm":25937,"stat.pickup.minecraft.wheat":134,"stat.pickup.tconstruct.tooltables":3,"stat.craftItem.minecraft.ladder":6,"stat.craftItem.minecraft.cooked_porkchop":2,"stat.pickup.minecraft.stone_axe":2,"stat.useItem.bonsaitrees.bonsaipot":39,"stat.pickup.minecraft.obsidian":12,"stat.pickup.storagenetwork.kabel":20,"stat.craftItem.sky_orchards.sapling_coal":1,"stat.pickup.sky_orchards.resin_clay":131,"stat.craftItem.minecraft.diamond_sword":2,"stat.jump":5720,"stat.mineBlock.sky_orchards.leaves_nickel":160,"stat.pickup.minecraft.coal":8,"stat.pickup.minecraft.iron_ingot":60,"stat.pickup.tconstruct.seared_tank":3,"stat.mineBlock.sky_orchards.leaves_copper":56,"stat.craftItem.minecraft.lever":2,"stat.craftItem.minecraft.torch":116,"stat.mineBlock.sky_orchards.log_sand":72,"stat.pickup.minecraft.dirt":19,"stat.drop.ceramics.unfired_clay":1,"stat.pickup.sky_orchards.resin_bone":1179,"stat.useItem.minecraft.sapling":6,"stat.useItem.tconstruct.slime_channel":5,"stat.brewingstandInteraction":4,"stat.damageTaken":5891,"stat.mineBlock.minecraft.torch":20,"stat.mineBlock.minecraft.red_flower":15,"stat.mineBlock.minecraft.sapling":1,"stat.craftItem.minecraft.comparator":2,"stat.pickup.minecraft.bed":1,"stat.mineBlock.minecraft.fence_gate":1,"stat.pickup.minecraft.diamond_axe":1,"stat.pickup.sky_orchards.sapling_clay":138,"stat.pickup.statues.blockplayerstatue":10,"stat.useItem.storagenetwork.storage_kabel":13,"stat.pickup.sky_orchards.amber_lapis":1,"stat.craftItem.minecraft.stone_slab":162,"stat.animalsBred":43,"stat.useItem.minecraft.chest":90,"stat.craftItem.tconstruct.smeltery_io":2,"stat.useItem.tconstruct.wood_rail":1,"stat.pickup.sky_orchards.acorn_nickel":22,"stat.pickup.sky_orchards.leaves_gold":40,"stat.pickup.sky_orchards.sapling_bone":94,"stat.pickup.sky_orchards.leaves_sand":54,"stat.craftItem.morecauldrons.oak_cauldron":7,"stat.craftItem.sky_orchards.amber_silver":1,"stat.useItem.tconstruct.faucet":1,"stat.drop.inspirations.wooden_crook":1,"stat.craftItem.rustic.crushing_tub":1,"stat.mineBlock.sky_orchards.leaves_lead":38,"stat.craftItem.storagenetwork.im_kabel":44,"stat.mineBlock.sky_orchards.log_diamond":14,"stat.pickup.thermalfoundation.storage":4,"stat.pickup.slabmachines.crafting_station_slab":2,"stat.useItem.cyclicmagic.item_pipe":6,"stat.pickup.minecraft.ladder":2,"stat.useItem.minecraft.netherrack":25,"stat.entityKilledBy.rogue_android":1,"stat.mobKills":63,"stat.craftItem.minecraft.shears":1,"stat.drop.tconstruct.wood_rail":4,"stat.mineBlock.sky_orchards.log_gold":6,"stat.pickup.minecraft.diamond":93,"stat.pickup.minecraft.beetroot_seeds":14,"stat.mineBlock.rustic.crushing_tub":7,"stat.pickup.minecraft.torch":33,"stat.drop.minecraft.stone_axe":1,"stat.mineBlock.sky_orchards.log_nickel":17,"stat.drop.tconstruct.seared_tank":1,"stat.useItem.inspirations.sugar_cane_seeds":6,"stat.mineBlock.sky_orchards.log_petrified":185,"stat.craftItem.sky_orchards.sapling_cottonwood":1,"stat.mineBlock.tconstruct.seared_tank":2,"stat.pickup.xlfoodmod.coffee":1,"stat.killEntity.Blaze":5,"stat.mineBlock.cyclicmagic.item_pipe":6,"stat.useItem.inspirations.path":2,"stat.craftItem.storagenetwork.request":2,"stat.pickup.sky_orchards.resin_lead":40,"stat.craftItem.teslacorelib.machine_case":2,"stat.useItem.minecraft.planks":1289,"stat.mineBlock.sky_orchards.leaves_tin":19,"stat.craftItem.sky_orchards.sapling_petrified":1,"stat.pickup.minecraft.porkchop":2,"stat.craftItem.horsepower.hand_grindstone":1,"stat.useItem.minecraft.water_bucket":9,"stat.useItem.sky_orchards.sapling_iron":27,"stat.drop.sky_orchards.sapling_petrified":1,"stat.useItem.inspirations.carrot_seeds":1,"stat.craftItem.tconstruct.casting":2,"stat.pickup.minecraft.wooden_hoe":1,"stat.drop.xlfoodmod.corn_seeds":3,"stat.craftItem.deepmoblearning.soot_covered_plate":32,"stat.pickup.inspirations.mulch":29,"stat.craftItem.minecraft.wooden_hoe":1,"stat.craftItem.minecraft.blaze_powder":10,"stat.drop.minecraft.diamond":5,"stat.pickup.sky_orchards.sapling_nickel":48,"stat.pickup.tconstruct.slime_sapling":8,"stat.mineBlock.horsepower.hand_grindstone":2,"stat.craftItem.minecraft.magma_cream":2,"stat.pickup.integrateddynamics.menril_leaves":843,"stat.drop.ceramics.clay_bucket":1,"stat.craftItem.minecraft.golden_carrot":117,"stat.mineBlock.tconstruct.slime_channel":8,"stat.pickup.xlfoodmod.lettuce_seeds":9,"stat.pickup.minecraft.wooden_button":2,"stat.mineBlock.sky_orchards.leaves_gold":12,"stat.craftItem.thermalfoundation.material":39,"stat.pickup.minecraft.fence_gate":2,"stat.craftItem.tcomplement.porcelain_casting":2,"stat.pickup.sky_orchards.acorn_copper":64,"stat.drop.sky_orchards.amber_cottonwood":6,"stat.pickup.sky_orchards.leaves_lapis":44,"stat.mineBlock.storagenetwork.kabel":21,"stat.pickup.deepmoblearning.soot_covered_redstone":6,"stat.craftItem.minecraft.sand":117,"stat.craftItem.minecraft.fence_gate":2,"stat.pickup.minecraft.pumpkin_seeds":9,"stat.pickup.tconstruct.slime_dirt":3,"stat.pickup.minecraft.golden_carrot":21,"stat.useItem.storagenetwork.kabel":48,"stat.mineBlock.minecraft.soul_sand":22,"stat.craftItem.minecraft.heavy_weighted_pressure_plate":68,"stat.playOneMinute":1145621,"stat.pickup.tconstruct.rack":2,"stat.pickup.minecraft.blaze_rod":5,"stat.useItem.sky_orchards.acorn_dirt":1,"stat.pickup.minecraft.diamond_block":2,"stat.pickup.mekanism.otherdust":30,"stat.drop.statues.blockplayerstatue":1,"stat.pickup.minecraft.netherrack":68,"stat.pickup.tp.toasted_bread":4,"stat.pickup.tconstruct.casting":1,"stat.craftItem.telepastries.twilight_cake":2,"stat.useItem.slabmachines.crafting_station_slab":1,"stat.mineBlock.minecraft.netherrack":75,"stat.pickup.sky_orchards.amber_cottonwood":6,"stat.craftItem.storagenetwork.kabel":216,"stat.pickup.sky_orchards.acorn_petrified":188,"stat.craftItem.sky_orchards.sapling_diamond":1,"stat.useItem.inspirations.wooden_crook":552,"stat.pickup.sky_orchards.resin_sand":190,"stat.mineBlock.tconstruct.faucet":1,"stat.craftItem.minecraft.iron_nugget":207,"stat.pickup.sky_orchards.resin_gold":57,"stat.fallOneCm":746792,"stat.craftItem.inspirations.mulch":22,"stat.pickup.sky_orchards.leaves_bone":42,"stat.pickup.minecraft.melon_seeds":12,"stat.craftItem.minecraft.chest":417,"stat.mineBlock.sky_orchards.leaves_sand":427,"stat.useItem.integratedtunnels.part_interface_item_item":2,"stat.pickup.sky_orchards.sapling_sand":126,"stat.pickup.sky_orchards.resin_tin":1552,"stat.pickup.minecraft.feather":8,"stat.pickup.sky_orchards.leaves_redstone":59,"stat.mineBlock.bdsandm.wood_crate":4,"stat.craftItem.minecraft.wooden_button":1,"stat.craftItem.tconstruct.materials":348,"stat.pickup.sky_orchards.sapling_gold":90,"stat.mineBlock.sky_orchards.sapling_petrified":1,"stat.useItem.minecraft.stone_pickaxe":161,"stat.craftItem.tconstruct.seared_tank":3,"stat.mineBlock.sky_orchards.log_bone":37,"stat.craftItem.sky_orchards.amber_tin":1,"stat.craftItem.integrateddynamics.squeezer":2,"stat.pickup.minecraft.flint_and_steel":1,"stat.useItem.minecraft.torch":67,"stat.craftItem.integrateddynamics.on_the_dynamics_of_integration":2,"stat.mineBlock.sky_orchards.sapling_dirt":2,"stat.craftItem.minecraft.redstone_block":9,"stat.pickup.advancementbook.advancement_book":3,"stat.useItem.minecraft.log":13,"stat.pickup.minecraft.crafting_table":3,"stat.pickup.sky_orchards.acorn_gold":19,"stat.craftItem.minecraft.crafting_table":9,"stat.craftItem.ceramics.clay_bucket":4,"stat.killEntity.LavaSlime":1,"stat.pickup.minecraft.log":2621,"stat.pickup.deepmoblearning.soot_covered_plate":12,"stat.pickup.matteroverdrive.rogue_android_part":3,"stat.pickup.sky_orchards.acorn_sand":149,"stat.drop.minecraft.planks":1,"stat.pickup.sky_orchards.amber_tin":1,"stat.craftItem.sky_orchards.acorn_sand":4,"stat.pickup.minecraft.sapling":72,"stat.craftItem.tconstruct.smeltery_controller":2,"stat.killEntity.rogue_android":2,"stat.killEntity.WitherSkeleton":6,"stat.mineBlock.sky_orchards.log_clay":86,"stat.pickup.sky_orchards.acorn_lapis":129,"stat.craftItem.minecraft.sugar":4,"stat.useItem.integrateddynamics.menril_berries":4,"stat.useItem.sky_orchards.sapling_nickel":3,"stat.useItem.sky_orchards.sapling_coal":6,"stat.sneakTime":54218,"stat.pickup.sky_orchards.sapling_diamond":41,"stat.drop.minecraft.bucket":1,"stat.pickup.rustic.deathstalk_mushroom":12,"stat.pickup.minecraft.yellow_flower":44,"stat.useItem.tconstruct.slime_congealed":2,"stat.drop.tconstruct.slime_dirt":1,"stat.useItem.sky_orchards.sapling_dirt":20,"stat.drop.minecraft.wooden_axe":1,"stat.pickup.minecraft.chest":85,"stat.drop.minecraft.stone_pickaxe":1,"stat.craftItem.minecraft.diamond_chestplate":5,"stat.mineBlock.ceramics.faucet":2,"stat.pickup.minecraft.bone":9,"stat.craftItem.ceramics.unfired_clay":276,"stat.mineBlock.sky_orchards.leaves_gravel":146,"stat.mineBlock.sky_orchards.leaves_silver":3,"stat.craftItem.tconstruct.faucet":3,"stat.craftItem.minecraft.bone":69,"stat.pickup.sky_orchards.resin_dirt":621,"stat.pickup.sky_orchards.amber_gold":1,"stat.useItem.minecraft.diamond_sword":104,"stat.craftItem.minecraft.diamond_helmet":3,"stat.craftItem.sky_orchards.amber_iron":311,"stat.mineBlock.storagenetwork.im_kabel":21,"stat.swimOneCm":11924,"stat.useItem.integrateddynamics.cable":4,"stat.pickup.tconstruct.slime_leaves":113,"stat.craftItem.inspirations.stone_crook":22,"stat.useItem.sky_orchards.sapling_bone":5,"stat.useItem.minecraft.dirt":135,"stat.mineBlock.tconstruct.wood_rail":1,"stat.useItem.storagenetwork.remote":1,"stat.craftItem.minecraft.bone_block":70,"stat.craftItem.sky_orchards.sapling_bone":1,"stat.craftItem.extendedcrafting.handheld_table":1,"stat.craftItem.minecraft.stone_pickaxe":2,"stat.pickup.minecraft.cobblestone":406,"stat.pickup.minecraft.clay":6,"stat.pickup.minecraft.soul_sand":22,"stat.pickup.minecraft.glass_bottle":3,"stat.useItem.cyclicmagic.item_pump":4,"stat.pickup.sky_orchards.sapling_lead":23,"stat.pickup.sky_orchards.resin_coal":70,"stat.craftItem.minecraft.wooden_slab":24,"stat.craftItem.sky_orchards.amber_lapis":1,"stat.craftItem.integrateddynamics.crystalized_menril_chunk":9,"stat.pickup.sky_orchards.sapling_petrified":280,"stat.pickup.minecraft.redstone":3,"stat.craftItem.minecraft.book":4,"stat.mineBlock.sky_orchards.leaves_cottonwood":13,"stat.pickup.sky_orchards.resin_nickel":46,"stat.drop.minecraft.log":2,"stat.pickup.integrateddynamics.on_the_dynamics_of_integration":1,"stat.mineBlock.sky_orchards.sapling_sand":1,"stat.craftItem.minecraft.cake":4,"stat.pickup.xnet.xnet_manual":1,"stat.mineBlock.minecraft.coal_block":1,"stat.pickup.sky_orchards.leaves_diamond":1,"stat.craftItem.industrialforegoing.latex_processing_unit":2,"stat.useItem.sky_orchards.sapling_clay":11,"stat.mineBlock.storagenetwork.storage_kabel":8,"stat.craftItem.tconstruct.soil":386,"stat.pickup.tconstruct.smeltery_controller":2,"stat.craftItem.minecraft.brick_block":33,"stat.pickup.xlfoodmod.corn_seeds":27,"stat.mineBlock.sky_orchards.leaves_clay":312,"stat.craftItem.minecraft.stone_slab2":0,"stat.pickup.sky_orchards.sapling_cottonwood":18,"stat.mineBlock.tcomplement.porcelain_melter":3,"stat.pickup.integrateddynamics.wrench":1,"stat.craftItem.minecraft.stick":284,"stat.useItem.minecraft.bed":1,"stat.craftItem.minecraft.stone":162,"stat.craftItem.minecraft.gold_nugget":1107,"stat.pickup.integrateddynamics.menril_log":655,"stat.mineBlock.minecraft.crafting_table":3,"stat.useItem.minecraft.diamond_pickaxe":575,"stat.useItem.minecraft.carrot":20,"stat.craftItem.animalcrops.seeds":8,"stat.craftItem.minecraft.clay_ball":1086,"stat.pickup.minecraft.diamond_chestplate":5,"stat.pickup.sky_orchards.amber_silver":1,"stat.craftItem.integratedtunnels.part_interface_item_item":8,"stat.pickup.xlfoodmod.coffee_cup":1,"stat.pickup.sky_orchards.resin_copper":138,"stat.mineBlock.minecraft.planks":166,"stat.drop":60,"stat.craftItem.sky_orchards.sapling_clay":1,"stat.mineBlock.rustic.leaves_apple":40,"stat.useItem.tconstruct.seared":124,"stat.drop.tcomplement.porcelain_melter":1,"stat.craftItem.minecraft.diamond_pickaxe":2,"stat.useItem.minecraft.melon_seeds":1,"stat.pickup.ceramics.faucet":2,"stat.craftItem.minecraft.clay":259,"stat.pickup.integrateddynamics.crystalized_menril_chunk":866,"stat.useItem.inspirations.stone_crook":3118,"stat.pickup.sky_orchards.acorn_cottonwood":211,"stat.craftItem.minecraft.piston":1,"stat.mineBlock.sky_orchards.leaves_bone":297,"stat.useItem.minecraft.glass_bottle":2,"stat.pickup.sky_orchards.amber_lead":1,"stat.useItem.minecraft.diamond_axe":482,"stat.mineBlock.tconstruct.smeltery_controller":3,"stat.pickup.morecauldrons.cobble_cauldron":4,"stat.useItem.minecraft.apple":1,"stat.craftItem.minecraft.brick_stairs":20,"stat.pickup.minecraft.brick":28,"stat.pickup.sky_orchards.acorn_tin":116,"stat.craftItem.tconstruct.rack":4,"stat.useItem.minecraft.wooden_hoe":25,"stat.pickup.minecraft.fence":123,"stat.pickup.sky_orchards.sapling_redstone":100,"stat.craftItem.bonsaitrees.bonsaipot":47,"stat.useItem.minecraft.stone_axe":698,"stat.craftItem.minecraft.bread":6,"stat.pickup.tconstruct.slime_congealed":43,"stat.mineBlock.cyclicmagic.item_pump":6,"stat.pickup.tcomplement.porcelain_tank":1,"stat.pickup.sky_orchards.leaves_cottonwood":21,"stat.craftItem.minecraft.flint_and_steel":1,"stat.drop.inspirations.stone_crook":1,"stat.pickup.minecraft.leaves":1027,"stat.mineBlock.tconstruct.tooltables":3,"stat.mineBlock.sky_orchards.log_lapis":25,"stat.pickup.minecraft.leather":5,"stat.useItem.minecraft.wooden_pickaxe":33,"stat.pickup.mysticalagriculture.crafting":7,"stat.pickup.minecraft.reeds":115,"stat.craftItem.sky_orchards.amber_copper":7,"stat.mineBlock.sky_orchards.log_redstone":4,"stat.pickup.storagenetwork.storage_kabel":8,"stat.pickup.tconstruct.materials":3,"stat.damageDealt":11677,"stat.craftItem.minecraft.glass":4,"stat.sleepInBed":4,"stat.pickup.tconstruct.stone_stick":3,"stat.mineBlock.sky_orchards.log_iron":143,"stat.killEntity.Cow":2,"stat.craftItem.minecraft.gravel":118,"stat.killEntity.Pig":1,"stat.pickup.sky_orchards.acorn_bone":2481,"stat.mineBlock.integrateddynamics.squeezer":1,"stat.walkOneCm":2623273,"stat.pickup.ceramics.clay_bucket":4,"stat.useItem.morecauldrons.oak_cauldron":3,"stat.playerKills":2,"stat.pickup.minecraft.stick":1480,"stat.mineBlock.compactstorage.compactchest":1,"stat.pickup.minecraft.clay_ball":20,"stat.craftItem.cyclicmagic.item_pipe":40,"stat.craftItem.inspirations.wooden_crook":15,"stat.pickup.sky_orchards.acorn_clay":167,"stat.pickup.rustic.apple_seeds":1,"stat.useItem.storagenetwork.im_kabel":45,"stat.mineBlock.sky_orchards.log_silver":4,"stat.drop.minecraft.diamond_axe":1,"stat.drop.minecraft.iron_block":1,"stat.craftItem.ceramics.faucet":2,"stat.mineBlock.sky_orchards.log_gravel":45,"stat.craftItem.minecraft.diamond_boots":2,"stat.pickup.storagenetwork.im_kabel":21,"stat.pickup.sky_orchards.acorn_gravel":84,"stat.pickup.sky_orchards.acorn_silver":104,"stat.craftItem.minecraft.redstone":72,"stat.pickup.sky_orchards.sapling_gravel":56,"stat.pickup.minecraft.gold_ingot":3,"stat.pickup.sky_orchards.sapling_silver":5,"stat.drop.sky_orchards.sapling_dirt":2,"stat.craftItem.sky_orchards.amber_cottonwood":13,"stat.useItem.sky_orchards.acorn_clay":3,"stat.craftItem.bdsandm.wood_crate":2,"stat.killEntity.Chicken":9,"stat.pickup.cyclicmagic.item_pipe":6,"stat.mineBlock.minecraft.quartz_ore":6,"stat.mineBlock.tcomplement.porcelain_casting":7,"stat.mineBlock.inspirations.mulch":1,"stat.pickup.minecraft.quartz":9,"stat.craftItem.minecraft.fence":162,"stat.craftItem.farmingforblockheads.market":1,"stat.pickup.minecraft.water_bucket":3,"stat.mineBlock.minecraft.leaves":298,"stat.mineBlock.tconstruct.seared":66,"stat.craftItem.sky_orchards.amber_nickel":2,"stat.mineBlock.tconstruct.casting":1,"stat.craftItem.minecraft.coal_block":3,"stat.craftItem.minecraft.brick":337,"stat.pickup.sky_orchards.leaves_copper":73}