{
  "sf4:age_allthethingsomglol/complete": {
    "criteria": {
      "Completed Age of ALLTHETHINGSOMGLOL§r": "2024-08-28 21:52:10 +0200"
    },
    "done": false
  },
  "tutorial:tutorial/oakwood": {
    "criteria": {
      "Obtain Oak Wood": "2024-09-02 22:34:22 +0200"
    },
    "done": false
  },
  "sf4:age_enhancement/root": {
    "criteria": {
      "inventoryChange": "2024-08-28 21:52:10 +0200"
    },
    "done": true
  },
  "sf4:age1/sapling/cottonwood": {
    "criteria": {
      "Completed Root": "2024-08-28 21:52:10 +0200"
    },
    "done": false
  },
  "tutorial:tutorial/oakplanks": {
    "criteria": {
      "Obtain Oak Wood Planks": "2024-09-02 22:42:24 +0200"
    },
    "done": false
  },
  "sf4:age_exploration/complete": {
    "criteria": {
      "Completed Age of Exploration§r": "2024-08-28 21:52:10 +0200"
    },
    "done": false
  },
  "sf4:age1/complete": {
    "criteria": {
      "Completed Air Fryer§r": "2024-09-02 23:05:40 +0200",
      "Completed That\u0027s Dir-tree§r": "2024-08-28 21:53:30 +0200",
      "Completed Sticky Keys§r": "2024-09-02 23:10:44 +0200",
      "Completed Root": "2024-08-28 21:52:10 +0200",
      "Completed Captain Hook§r": "2024-09-02 23:09:28 +0200",
      "Completed Dirty Dancing§r": "2024-09-02 22:48:18 +0200",
      "Completed SkyFactory 4§r": "2024-08-28 21:52:10 +0200",
      "Completed On the Rocks§r": "2024-09-02 23:13:57 +0200",
      "Completed Starting from the Bottom§r": "2024-08-28 21:53:29 +0200",
      "Completed Hardwood§r": "2024-09-02 23:08:21 +0200"
    },
    "done": false
  },
  "sf4:age1/sapling/dirt": {
    "criteria": {
      "Obtain Dirt Sapling": "2024-08-28 21:53:30 +0200",
      "Completed Root": "2024-08-28 21:52:10 +0200"
    },
    "done": true
  },
  "sf4:age1/sapling/bacon": {
    "criteria": {
      "Completed Root": "2024-08-28 21:52:10 +0200"
    },
    "done": false
  },
  "sf4:age1/resourcehogs": {
    "criteria": {
      "Completed Root": "2024-08-28 21:52:10 +0200"
    },
    "done": false
  },
  "sf4:age1/iron_ingot": {
    "criteria": {
      "Completed Root": "2024-08-28 21:52:10 +0200"
    },
    "done": false
  },
  "sf4:age1/green_slimy_dirt": {
    "criteria": {
      "Completed Root": "2024-08-28 21:52:10 +0200"
    },
    "done": false
  },
  "sf4:age1/nonpacifist": {
    "criteria": {
      "superflat2": "2024-08-28 21:52:10 +0200",
      "superflat32": "2024-08-28 21:52:10 +0200",
      "Completed Root": "2024-08-28 21:52:10 +0200"
    },
    "done": true
  },
  "sf4:age1/iron_bucket": {
    "criteria": {
      "Completed Root": "2024-08-28 21:52:10 +0200"
    },
    "done": false
  },
  "sf4:age1/sapling/slime": {
    "criteria": {
      "Completed Root": "2024-08-28 21:52:10 +0200"
    },
    "done": false
  },
  "sf4:age1/amber/silver": {
    "criteria": {
      "Completed Root": "2024-08-28 21:52:10 +0200"
    },
    "done": false
  },
  "sf4:age1/string": {
    "criteria": {
      "Completed Root": "2024-08-28 21:52:10 +0200"
    },
    "done": false
  },
  "sf4:age1/amber/lead": {
    "criteria": {
      "Completed Root": "2024-08-28 21:52:10 +0200"
    },
    "done": false
  },
  "sf4:age_storage/complete_no_prestige": {
    "criteria": {
      "Prestige Mode Disabled": "2024-08-28 21:52:10 +0200",
      "Completed Age of Storage§r": "2024-08-28 21:52:10 +0200"
    },
    "done": false
  },
  "tutorial:tutorial/placedirtsapling": {
    "criteria": {
      "Placed Dirt Sapling": "2024-09-02 22:34:35 +0200"
    },
    "done": false
  },
  "sf4:age1/sapling/petrified": {
    "criteria": {
      "Completed Root": "2024-08-28 21:52:10 +0200",
      "Obtain Petrified Sapling": "2024-09-02 23:08:21 +0200"
    },
    "done": true
  },
  "sf4:age1/sapling/redstone": {
    "criteria": {
      "Completed Root": "2024-08-28 21:52:10 +0200"
    },
    "done": false
  },
  "sf4:age1/amber/gold": {
    "criteria": {
      "Completed Root": "2024-08-28 21:52:10 +0200"
    },
    "done": false
  },
  "sf4:age1/sapling/tin": {
    "criteria": {
      "Completed Root": "2024-08-28 21:52:10 +0200"
    },
    "done": false
  },
  "tutorial:tutorial/dirtsapling": {
    "criteria": {
      "Obtain a Dirt Sapling": "2024-08-28 21:53:30 +0200"
    },
    "done": false
  },
  "sf4:age1/wooden_crook": {
    "criteria": {
      "Completed Root": "2024-08-28 21:52:10 +0200",
      "Obtain Wooden Crook": "2024-09-02 23:09:28 +0200"
    },
    "done": true
  },
  "sf4:age_farming/skyorchards": {
    "criteria": {
      "Obtain Dirt Sapling": "2024-08-28 21:53:30 +0200",
      "Obtain Petrified Sapling": "2024-09-02 23:08:21 +0200"
    },
    "done": false
  },
  "sf4:age_exploration/skygriddragonkill": {
    "criteria": {
      "Completed Age of Exploration§r": "2024-08-28 21:52:10 +0200"
    },
    "done": false
  },
  "sf4:age1/sapling/lapis": {
    "criteria": {
      "Completed Root": "2024-08-28 21:52:10 +0200"
    },
    "done": false
  },
  "pacifist:pacifist_run/root": {
    "criteria": {
      "hasRock": "2024-08-28 21:52:10 +0200"
    },
    "done": false
  },
  "sf4:age1/coal": {
    "criteria": {
      "Completed Root": "2024-08-28 21:52:10 +0200"
    },
    "done": false
  },
  "sf4:age_storage/complete": {
    "criteria": {
      "Completed Age of Storage§r": "2024-08-28 21:52:10 +0200"
    },
    "done": false
  },
  "sf4:age_exploration/root": {
    "criteria": {
      "inventoryChange": "2024-08-28 21:52:10 +0200"
    },
    "done": true
  },
  "sf4:age1/slabs": {
    "criteria": {
      "Completed Root": "2024-08-28 21:52:10 +0200"
    },
    "done": false
  },
  "sf4:age_storage/root": {
    "criteria": {
      "inventoryChange": "2024-08-28 21:52:10 +0200"
    },
    "done": true
  },
  "sf4:age1/diamond": {
    "criteria": {
      "Completed Root": "2024-08-28 21:52:10 +0200"
    },
    "done": false
  },
  "sf4:age1/obsidian": {
    "criteria": {
      "Completed Root": "2024-08-28 21:52:10 +0200"
    },
    "done": false
  },
  "sf4:age1/lavasource": {
    "criteria": {
      "Completed SkyFactory 4§r": "2024-08-28 21:52:10 +0200",
      "Completed Root": "2024-08-28 21:52:10 +0200"
    },
    "done": false
  },
  "tutorial:tutorial/copied/petrifiedsapling": {
    "criteria": {
      "Obtain Petrified Sapling": "2024-09-02 23:08:21 +0200"
    },
    "done": false
  },
  "sf4:age1/sapling/sand": {
    "criteria": {
      "Completed Root": "2024-08-28 21:52:10 +0200"
    },
    "done": false
  },
  "sf4:age1/dirt": {
    "criteria": {
      "Completed Root": "2024-08-28 21:52:10 +0200",
      "Craft Dirt Block": "2024-09-02 22:48:18 +0200"
    },
    "done": true
  },
  "sf4:age1/sapling/coal": {
    "criteria": {
      "Completed Root": "2024-08-28 21:52:10 +0200"
    },
    "done": false
  },
  "hardcore:hardcore/forgivingvoid": {
    "criteria": {
      "Completed Age of Exploration§r": "2024-08-28 21:52:10 +0200"
    },
    "done": false
  },
  "sf4:age_enhancement/complete": {
    "criteria": {
      "Completed Age of Enhancement§r": "2024-08-28 21:52:10 +0200"
    },
    "done": false
  },
  "sf4:age_enhancement/completenoprestige": {
    "criteria": {
      "Prestige Mode Disabled": "2024-08-28 21:52:10 +0200",
      "Completed Age of Enhancement§r": "2024-08-28 21:52:10 +0200"
    },
    "done": false
  },
  "tutorial:tutorial/copied/watercollection": {
    "criteria": {
      "Right Click Cauldron with Water Inside": "2024-09-02 22:30:24 +0200"
    },
    "done": false
  },
  "sf4:age1/completenoprestige": {
    "criteria": {
      "Completed Air Fryer§r": "2024-09-02 23:05:40 +0200",
      "Prestige Mode Disabled": "2024-08-28 21:52:10 +0200",
      "Completed That\u0027s Dir-tree§r": "2024-08-28 21:53:30 +0200",
      "Completed Sticky Keys§r": "2024-09-02 23:10:44 +0200",
      "Completed Root": "2024-08-28 21:52:10 +0200",
      "Completed Captain Hook§r": "2024-09-02 23:09:28 +0200",
      "Completed Dirty Dancing§r": "2024-09-02 22:48:18 +0200",
      "Completed SkyFactory 4§r": "2024-08-28 21:52:10 +0200",
      "Completed On the Rocks§r": "2024-09-02 23:13:57 +0200",
      "Completed Starting from the Bottom§r": "2024-08-28 21:53:29 +0200",
      "Completed Hardwood§r": "2024-09-02 23:08:21 +0200"
    },
    "done": false
  },
  "sf4:age1/sapling/iron": {
    "criteria": {
      "Completed Root": "2024-08-28 21:52:10 +0200"
    },
    "done": false
  },
  "sf4:age1/stone_crook": {
    "criteria": {
      "Completed Root": "2024-08-28 21:52:10 +0200"
    },
    "done": false
  },
  "sf4:age_farming/root": {
    "criteria": {
      "inventoryChange": "2024-08-28 21:52:10 +0200"
    },
    "done": true
  },
  "sf4:age_exploration/completenoprestige": {
    "criteria": {
      "Completed Age of Exploration§r": "2024-08-28 21:52:10 +0200",
      "Prestige Mode Disabled": "2024-08-28 21:52:10 +0200"
    },
    "done": false
  },
  "sf4:age_power/root": {
    "criteria": {
      "inventoryChange": "2024-08-28 21:52:10 +0200"
    },
    "done": true
  },
  "sf4:age1/sleep": {
    "criteria": {
      "Completed Root": "2024-08-28 21:52:10 +0200"
    },
    "done": false
  },
  "sf4:age1/sapling/bone": {
    "criteria": {
      "Completed Root": "2024-08-28 21:52:10 +0200"
    },
    "done": false
  },
  "pacifist:pacifist_run/peaceful": {
    "criteria": {
      "brokeLeaves": "2024-09-02 22:34:14 +0200",
      "brokeLog": "2024-09-02 22:34:18 +0200"
    },
    "done": false
  },
  "sf4:age1/sapling/lead": {
    "criteria": {
      "Completed Root": "2024-08-28 21:52:10 +0200"
    },
    "done": false
  },
  "sf4:age1/sapling/diamond": {
    "criteria": {
      "Completed Root": "2024-08-28 21:52:10 +0200"
    },
    "done": false
  },
  "sf4:age1/water": {
    "criteria": {
      "Completed Root": "2024-08-28 21:52:10 +0200"
    },
    "done": false
  },
  "sf4:age1/acorn/dirt_cooked": {
    "criteria": {
      "Completed Root": "2024-08-28 21:52:10 +0200"
    },
    "done": false
  },
  "sf4:age1/watersource": {
    "criteria": {
      "Completed SkyFactory 4§r": "2024-08-28 21:52:10 +0200",
      "Completed Root": "2024-08-28 21:52:10 +0200"
    },
    "done": false
  },
  "sf4:age1/twerk": {
    "criteria": {
      "Completed Root": "2024-08-28 21:52:10 +0200",
      "Obtain 8 Dirt Saplings": "2024-09-02 23:10:44 +0200",
      "Obtain 8 Oak Logs": "2024-09-02 22:39:52 +0200"
    },
    "done": true
  },
  "sf4:age1/cauldron": {
    "criteria": {
      "Completed Root": "2024-08-28 21:52:10 +0200"
    },
    "done": false
  },
  "sf4:age1/cobblestone_generator": {
    "criteria": {
      "Completed Root": "2024-08-28 21:52:10 +0200"
    },
    "done": false
  },
  "tutorial:tutorial/copied/cobblestone": {
    "criteria": {
      "Obtain Cobblestone Block": "2024-09-02 23:13:57 +0200"
    },
    "done": false
  },
  "sf4:age1/sapling/gravel": {
    "criteria": {
      "Completed Root": "2024-08-28 21:52:10 +0200"
    },
    "done": false
  },
  "sf4:age_power/complete": {
    "criteria": {
      "Completed Age of Power§r": "2024-08-28 21:52:10 +0200"
    },
    "done": false
  },
  "sf4:age1/crushing_tub": {
    "criteria": {
      "Completed Root": "2024-08-28 21:52:10 +0200"
    },
    "done": false
  },
  "sf4:age1/prestige_notify": {
    "criteria": {
      "Completed Root": "2024-08-28 21:52:10 +0200"
    },
    "done": false
  },
  "sf4:age1/clay_bucket": {
    "criteria": {
      "Completed Root": "2024-08-28 21:52:10 +0200"
    },
    "done": false
  },
  "tutorial:tutorial/petrifiedacorn": {
    "criteria": {
      "Obtain Oak Wood Planks": "2024-09-02 23:07:27 +0200"
    },
    "done": false
  },
  "sf4:age_farming/complete": {
    "criteria": {
      "Completed Age of Farming§r": "2024-08-28 21:52:10 +0200"
    },
    "done": false
  },
  "sf4:age1/lava": {
    "criteria": {
      "Completed Root": "2024-08-28 21:52:10 +0200"
    },
    "done": false
  },
  "sf4:age1/amber/iron": {
    "criteria": {
      "Completed Root": "2024-08-28 21:52:10 +0200"
    },
    "done": false
  },
  "sf4:age1/root": {
    "criteria": {
      "non_tutorial_start": "2024-08-28 21:52:10 +0200"
    },
    "done": true
  },
  "tutorial:tutorial/woodencrook": {
    "criteria": {
      "Obtain a Wooden Crook": "2024-09-02 23:09:28 +0200"
    },
    "done": false
  },
  "sf4:age1/sapling/donut": {
    "criteria": {
      "Completed Root": "2024-08-28 21:52:10 +0200"
    },
    "done": false
  },
  "sf4:age1/sapling/silver": {
    "criteria": {
      "Completed Root": "2024-08-28 21:52:10 +0200"
    },
    "done": false
  },
  "sf4:age_power/completenoprestige": {
    "criteria": {
      "Prestige Mode Disabled": "2024-08-28 21:52:10 +0200",
      "Completed Age of Power§r": "2024-08-28 21:52:10 +0200"
    },
    "done": false
  },
  "sf4:age1/sapling/clay": {
    "criteria": {
      "Completed Root": "2024-08-28 21:52:10 +0200"
    },
    "done": false
  },
  "sf4:age1/cobblestone": {
    "criteria": {
      "Completed Root": "2024-08-28 21:52:10 +0200",
      "Obtain Cobblestone Block": "2024-09-02 23:13:57 +0200"
    },
    "done": true
  },
  "sf4:age1/sapling/gold": {
    "criteria": {
      "Completed Root": "2024-08-28 21:52:10 +0200"
    },
    "done": false
  },
  "sf4:age1/drying_rack": {
    "criteria": {
      "Completed Root": "2024-08-28 21:52:10 +0200",
      "Obtain Drying Rack": "2024-09-02 23:05:40 +0200"
    },
    "done": true
  },
  "tutorial:tutorial/dryingrack": {
    "criteria": {
      "Obtain Oak Wood Planks": "2024-09-02 23:05:40 +0200"
    },
    "done": false
  },
  "tutorial:tutorial/placeoak": {
    "criteria": {
      "Placed Oak Planks": "2024-09-02 22:42:28 +0200"
    },
    "done": false
  },
  "sf4:age_allthethingsomglol/complete_no_prestige": {
    "criteria": {
      "Prestige Mode Disabled": "2024-08-28 21:52:10 +0200",
      "Completed Age of ALLTHETHINGSOMGLOL§r": "2024-08-28 21:52:10 +0200"
    },
    "done": false
  },
  "sf4:age1/sapling": {
    "criteria": {
      "Completed SkyFactory 4§r": "2024-08-28 21:52:10 +0200",
      "Has Sapling": "2024-08-28 21:53:30 +0200",
      "Completed Root": "2024-08-28 21:52:10 +0200"
    },
    "done": false
  },
  "sf4:age1/amber/tin": {
    "criteria": {
      "Completed Root": "2024-08-28 21:52:10 +0200"
    },
    "done": false
  },
  "sf4:age_farming/complete_no_prestige": {
    "criteria": {
      "Prestige Mode Disabled": "2024-08-28 21:52:10 +0200",
      "Completed Age of Farming§r": "2024-08-28 21:52:10 +0200"
    },
    "done": false
  },
  "sf4:age1/acorn/dirt": {
    "criteria": {
      "Obtain Dirt Acorn": "2024-08-28 21:53:29 +0200",
      "Completed Root": "2024-08-28 21:52:10 +0200"
    },
    "done": true
  },
  "sf4:age_allthethingsomglol/root": {
    "criteria": {
      "inventoryChange": "2024-08-28 21:52:10 +0200"
    },
    "done": true
  }
}