{"stat.mineBlock.sky_orchards.log_coal":37,"stat.pickup.minecraft.bone":3,"stat.craftItem.sky_orchards.sapling_sand":1,"stat.craftItem.ceramics.unfired_clay":147,"stat.leaveGame":13,"stat.mineBlock.minecraft.cobblestone":139,"stat.mineBlock.sky_orchards.leaves_gravel":146,"stat.pickup.minecraft.flint":12,"stat.mineBlock.minecraft.yellow_flower":3,"stat.killEntity.Human":3,"stat.pickup.sky_orchards.resin_dirt":504,"stat.pickup.pickletweaks.coal_piece":15,"stat.craftItem.sky_orchards.amber_iron":3,"stat.swimOneCm":4927,"stat.pickup.rustic.crushing_tub":5,"stat.useItem.minecraft.planks":348,"stat.craftItem.sky_orchards.sapling_petrified":1,"stat.mineBlock.sky_orchards.log_dirt":116,"stat.craftItem.inspirations.stone_crook":12,"stat.useItem.sky_orchards.sapling_bone":5,"stat.useItem.minecraft.dirt":11,"stat.useItem.minecraft.stone_slab2":78,"stat.mineBlock.tconstruct.wood_rail":1,"stat.drop.sky_orchards.sapling_petrified":1,"stat.pickup.minecraft.rotten_flesh":1,"stat.craftItem.minecraft.furnace":2,"stat.craftItem.sky_orchards.sapling_gravel":1,"stat.pickup.sky_orchards.sapling_dirt":102,"stat.craftItem.minecraft.bone_block":6,"stat.craftItem.minecraft.stone_axe":10,"stat.craftItem.sky_orchards.sapling_bone":1,"stat.craftItem.minecraft.stone_pickaxe":1,"stat.mineBlock.sky_orchards.leaves_dirt":512,"stat.pickup.minecraft.cobblestone":93,"stat.flyOneCm":61828,"stat.mineBlock.sky_orchards.leaves_coal":111,"stat.pickup.sky_orchards.resin_coal":58,"stat.craftItem.minecraft.wooden_slab":12,"stat.pickup.sky_orchards.resin_petrified":275,"stat.pickup.sky_orchards.sapling_petrified":217,"stat.timeSinceDeath":36798,"stat.craftItem.minecraft.wooden_pickaxe":1,"stat.mineBlock.sky_orchards.sapling_sand":1,"stat.drop.ceramics.clay_bucket":1,"stat.furnaceInteraction":47,"stat.useItem.sky_orchards.sapling_clay":7,"stat.useItem.tp.toasted_bread":1,"stat.mineBlock.minecraft.ladder":3,"stat.pickup.sky_orchards.acorn_coal":32,"stat.mineBlock.sky_orchards.leaves_clay":203,"stat.craftItem.minecraft.stone_slab2":0,"stat.craftItem.tconstruct.stone_stick":24,"stat.drop.sky_orchards.acorn_dirt":4,"stat.useItem.sky_orchards.sapling_petrified":35,"stat.pickup.sky_orchards.acorn_dirt":143,"stat.sprintOneCm":100101,"stat.pickup.sky_orchards.sapling_coal":31,"stat.craftItem.minecraft.stick":72,"stat.craftItem.minecraft.wooden_axe":5,"stat.pickup.ceramics.unfired_clay":2,"stat.craftItem.tconstruct.wood_rail":4,"stat.mineBlock.sky_orchards.leaves_petrified":814,"stat.useItem.minecraft.flint_and_steel":8,"stat.mineBlock.minecraft.crafting_table":1,"stat.pickup.minecraft.pumpkin_seeds":1,"stat.craftItem.minecraft.clay_ball":48,"stat.craftItem.morecauldrons.cobble_cauldron":1,"stat.useItem.minecraft.dye":4,"stat.mineBlock.minecraft.planks":42,"stat.deaths":5,"stat.drop":15,"stat.playOneMinute":295531,"stat.pickup.tconstruct.rack":2,"stat.craftItem.sky_orchards.sapling_clay":1,"stat.useItem.minecraft.ladder":2,"stat.pickup.tconstruct.wood_rail":1,"stat.craftItem.minecraft.dye":63,"stat.craftItem.minecraft.clay":12,"stat.mineBlock.minecraft.tallgrass":23,"stat.diveOneCm":15093,"stat.useItem.sky_orchards.sapling_sand":12,"stat.chestOpened":347,"stat.useItem.inspirations.stone_crook":1607,"stat.pickup.inspirations.stone_crook":1,"stat.craftItem.minecraft.ladder":6,"stat.pickup.tp.toasted_bread":1,"stat.mineBlock.sky_orchards.leaves_bone":264,"stat.pickup.sky_orchards.acorn_petrified":179,"stat.useItem.inspirations.wooden_crook":468,"stat.pickup.sky_orchards.resin_sand":84,"stat.craftItem.minecraft.coal":29,"stat.craftItem.sky_orchards.sapling_coal":1,"stat.pickup.sky_orchards.resin_clay":87,"stat.jump":551,"stat.useItem.sky_orchards.sapling_gravel":7,"stat.craftItem.tconstruct.rack":2,"stat.fallOneCm":305612,"stat.useItem.minecraft.stone_axe":492,"stat.crouchOneCm":86507,"stat.craftItem.minecraft.chest":8,"stat.craftItem.minecraft.torch":116,"stat.mineBlock.sky_orchards.log_sand":56,"stat.craftItem.minecraft.iron_ingot":3,"stat.pickup.minecraft.dirt":17,"stat.craftingTableInteraction":154,"stat.mineBlock.sky_orchards.leaves_sand":281,"stat.pickup.sky_orchards.resin_bone":47,"stat.pickup.sky_orchards.sapling_sand":48,"stat.useItem.minecraft.sapling":1,"stat.mineBlock.tconstruct.rack":2,"stat.craftItem.minecraft.flint_and_steel":1,"stat.drop.inspirations.stone_crook":1,"stat.pickup.minecraft.leaves":44,"stat.damageTaken":1646,"stat.mineBlock.minecraft.torch":4,"stat.mineBlock.minecraft.red_flower":2,"stat.useItem.minecraft.wooden_pickaxe":33,"stat.pickup.minecraft.dye":14,"stat.pickup.minecraft.planks":42,"stat.mineBlock.sky_orchards.sapling_petrified":1,"stat.useItem.minecraft.stone_pickaxe":106,"stat.pickup.sky_orchards.sapling_clay":61,"stat.pickup.statues.blockplayerstatue":1,"stat.damageDealt":1287,"stat.mineBlock.sky_orchards.log_bone":31,"stat.pickup.tconstruct.stone_stick":1,"stat.mineBlock.minecraft.dirt":3,"stat.pickup.sky_orchards.acorn_bone":30,"stat.walkOneCm":646145,"stat.pickup.ceramics.clay_bucket":2,"stat.useItem.minecraft.torch":20,"stat.useItem.morecauldrons.oak_cauldron":1,"stat.useItem.minecraft.chest":3,"stat.playerKills":1,"stat.mineBlock.sky_orchards.sapling_dirt":2,"stat.pickup.inspirations.carrot_seeds":1,"stat.useItem.tconstruct.wood_rail":1,"stat.pickup.sky_orchards.sapling_bone":45,"stat.useItem.minecraft.log":4,"stat.pickup.minecraft.crafting_table":1,"stat.useItem.minecraft.cobblestone":1,"stat.craftItem.minecraft.crafting_table":1,"stat.craftItem.inspirations.wooden_crook":14,"stat.pickup.sky_orchards.acorn_clay":67,"stat.pickup.sky_orchards.leaves_sand":30,"stat.craftItem.ceramics.clay_bucket":3,"stat.craftItem.morecauldrons.oak_cauldron":3,"stat.pickup.minecraft.log":621,"stat.mineBlock.sky_orchards.log_gravel":45,"stat.drop.inspirations.wooden_crook":1,"stat.pickup.sky_orchards.resin_gravel":66,"stat.craftItem.rustic.crushing_tub":1,"stat.pickup.sky_orchards.acorn_gravel":61,"stat.pickup.matteroverdrive.rogue_android_part":1,"stat.pickup.sky_orchards.acorn_sand":73,"stat.pickup.minecraft.sapling":18,"stat.pickup.sky_orchards.sapling_gravel":33,"stat.pickup.minecraft.ladder":2,"stat.drop.sky_orchards.sapling_dirt":2,"stat.mineBlock.sky_orchards.sapling_gravel":2,"stat.useItem.sky_orchards.acorn_clay":3,"stat.craftItem.minecraft.planks":584,"stat.killEntity.rogue_android":1,"stat.craftItem.minecraft.dirt":24,"stat.mobKills":4,"stat.mineBlock.minecraft.log":25,"stat.craftItem.minecraft.shears":1,"stat.mineBlock.sky_orchards.log_clay":62,"stat.drop.tconstruct.wood_rail":4,"stat.mineBlock.minecraft.leaves":175,"stat.pickup.minecraft.beetroot_seeds":1,"stat.mineBlock.rustic.crushing_tub":5,"stat.pickup.minecraft.torch":8,"stat.useItem.sky_orchards.sapling_coal":6,"stat.pickup.minecraft.red_flower":2,"stat.sneakTime":27459,"stat.useItem.minecraft.wooden_axe":169,"stat.pickup.minecraft.yellow_flower":3,"stat.useItem.sky_orchards.leaves_sand":1,"stat.craftItem.minecraft.cobblestone":38,"stat.useItem.sky_orchards.sapling_dirt":20,"stat.mineBlock.sky_orchards.log_petrified":185,"stat.drop.minecraft.wooden_axe":1}