{"stat.chestOpened":121,"stat.useItem.inspirations.stone_crook":451,"stat.mineBlock.tcomplement.porcelain_tank":1,"stat.useItem.minecraft.glass_bottle":1,"stat.mineBlock.minecraft.cobblestone":23,"stat.pickup.minecraft.stone_pickaxe":1,"stat.mineBlock.sky_orchards.leaves_iron":80,"stat.pickup.sky_orchards.resin_sand":30,"stat.drop.sky_orchards.amber_lead":1,"stat.jump":129,"stat.pickup.sky_orchards.resin_gold":34,"stat.useItem.sky_orchards.sapling_lapis":4,"stat.pickup.sky_orchards.resin_lead":26,"stat.fallOneCm":659,"stat.pickup.sky_orchards.sapling_redstone":1,"stat.useItem.minecraft.stone_axe":71,"stat.crouchOneCm":35207,"stat.craftItem.inspirations.stone_crook":4,"stat.mineBlock.minecraft.chest":2,"stat.mineBlock.sky_orchards.log_sand":6,"stat.craftItem.minecraft.chest":3,"stat.mineBlock.sky_orchards.leaves_redstone":4,"stat.useItem.minecraft.stone_slab2":18,"stat.pickup.sky_orchards.resin_lapis":11,"stat.useItem.minecraft.water_bucket":1,"stat.craftingTableInteraction":32,"stat.craftItem.sky_orchards.sapling_lapis":1,"stat.mineBlock.sky_orchards.leaves_sand":36,"stat.craftItem.minecraft.lapis_block":1,"stat.pickup.tcomplement.porcelain_tank":1,"stat.pickup.sky_orchards.sapling_sand":8,"stat.craftItem.minecraft.stone_axe":1,"stat.pickup.sky_orchards.acorn_redstone":1,"stat.mineBlock.sky_orchards.log_lapis":4,"stat.damageTaken":10,"stat.pickup.minecraft.bucket":1,"stat.craftItem.minecraft.stone_pickaxe":1,"stat.pickup.minecraft.cobblestone":17,"stat.craftItem.sky_orchards.amber_gold":2,"stat.pickup.minecraft.dye":1,"stat.craftItem.sky_orchards.amber_lead":1,"stat.pickup.minecraft.planks":2,"stat.pickup.sky_orchards.resin_iron":13,"stat.pickup.sky_orchards.sapling_gold":20,"stat.craftItem.minecraft.glass_bottle":3,"stat.flyOneCm":11204,"stat.pickup.sky_orchards.sapling_lead":14,"stat.useItem.minecraft.stone_pickaxe":29,"stat.pickup.statues.blockplayerstatue":1,"stat.damageDealt":10,"stat.craftItem.minecraft.glass":3,"stat.timeSinceDeath":68940,"stat.mineBlock.sky_orchards.log_iron":2,"stat.pickup.sky_orchards.acorn_iron":10,"stat.drop.advancementbook.advancement_book":1,"stat.mineBlock.sky_orchards.leaves_lapis":97,"stat.walkOneCm":108567,"stat.pickup.tcomplement.porcelain_melter":2,"stat.pickup.sky_orchards.sapling_iron":8,"stat.useItem.minecraft.chest":2,"stat.pickup.advancementbook.advancement_book":2,"stat.pickup.sky_orchards.acorn_gold":17,"stat.useItem.minecraft.cobblestone":22,"stat.furnaceInteraction":10,"stat.useItem.sky_orchards.sapling_gold":2,"stat.useItem.minecraft.lava_bucket":1,"stat.pickup.sky_orchards.acorn_lead":12,"stat.useItem.xlfoodmod.coffee":1,"stat.mineBlock.sky_orchards.leaves_gold":142,"stat.pickup.minecraft.log":54,"stat.useItem.sky_orchards.sapling_lead":1,"stat.pickup.tcomplement.porcelain_casting":3,"stat.mineBlock.sky_orchards.leaves_lead":109,"stat.craftItem.minecraft.stone_slab2":0,"stat.pickup.sky_orchards.acorn_sand":15,"stat.craftItem.tconstruct.stone_stick":8,"stat.pickup.minecraft.sapling":1,"stat.sprintOneCm":21964,"stat.drop.sky_orchards.sapling_lapis":1,"stat.mineBlock.tcomplement.porcelain_melter":2,"stat.craftItem.minecraft.stick":4,"stat.craftItem.minecraft.planks":28,"stat.craftItem.minecraft.sand":3,"stat.mineBlock.tcomplement.porcelain_casting":3,"stat.mineBlock.sky_orchards.log_lead":16,"stat.mineBlock.sky_orchards.log_gold":22,"stat.drop.sky_orchards.acorn_gold":1,"stat.pickup.sky_orchards.acorn_lapis":13,"stat.mineBlock.minecraft.planks":3,"stat.drop":4,"stat.playOneMinute":68940,"stat.sneakTime":9884,"stat.pickup.sky_orchards.sapling_lapis":23,"stat.pickup.minecraft.iron_block":1,"stat.craftItem.minecraft.dye":9,"stat.useItem.sky_orchards.sapling_sand":1,"stat.pickup.minecraft.chest":1}