{"stat.mineBlock.sky_orchards.log_coal":37,"stat.craftItem.sky_orchards.sapling_sand":1,"stat.pickup.minecraft.wooden_slab":3,"stat.leaveGame":20,"stat.pickup.rustic.crushing_tub":7,"stat.pickup.sky_orchards.resin_lead":9,"stat.useItem.minecraft.planks":458,"stat.craftItem.sky_orchards.sapling_petrified":1,"stat.mineBlock.sky_orchards.log_dirt":116,"stat.drop.sky_orchards.sapling_redstone":1,"stat.useItem.minecraft.water_bucket":1,"stat.useItem.sky_orchards.sapling_iron":7,"stat.drop.sky_orchards.sapling_petrified":1,"stat.pickup.minecraft.rotten_flesh":7,"stat.craftItem.sky_orchards.sapling_gravel":1,"stat.pickup.sky_orchards.sapling_dirt":113,"stat.craftItem.minecraft.stone_axe":12,"stat.pickup.minecraft.bucket":1,"stat.pickup.sky_orchards.resin_petrified":275,"stat.craftItem.minecraft.wooden_pickaxe":1,"stat.pickup.tcomplement.porcelain_melter":2,"stat.drop.ceramics.clay_bucket":1,"stat.furnaceInteraction":83,"stat.pickup.xlfoodmod.lettuce_seeds":4,"stat.mineBlock.sky_orchards.leaves_gold":12,"stat.pickup.sky_orchards.acorn_coal":32,"stat.craftItem.tcomplement.porcelain_casting":2,"stat.drop.sky_orchards.acorn_dirt":4,"stat.pickup.sky_orchards.acorn_dirt":152,"stat.pickup.sky_orchards.sapling_coal":31,"stat.pickup.ceramics.unfired_clay":2,"stat.craftItem.tconstruct.wood_rail":4,"stat.useItem.minecraft.flint_and_steel":8,"stat.craftItem.minecraft.sand":2,"stat.pickup.minecraft.pumpkin_seeds":1,"stat.craftItem.morecauldrons.cobble_cauldron":3,"stat.useItem.minecraft.dye":27,"stat.deaths":6,"stat.playOneMinute":442055,"stat.pickup.tconstruct.rack":2,"stat.pickup.tconstruct.wood_rail":1,"stat.pickup.sky_orchards.sapling_lapis":25,"stat.mineBlock.minecraft.tallgrass":134,"stat.useItem.sky_orchards.sapling_sand":14,"stat.chestOpened":545,"stat.pickup.inspirations.stone_crook":1,"stat.pickup.tp.toasted_bread":1,"stat.pickup.sky_orchards.resin_redstone":6,"stat.pickup.sky_orchards.acorn_petrified":184,"stat.mineBlock.sky_orchards.leaves_iron":203,"stat.useItem.inspirations.wooden_crook":468,"stat.pickup.sky_orchards.resin_sand":132,"stat.craftItem.minecraft.coal":69,"stat.pickup.tconstruct.cast_custom":1,"stat.useItem.sky_orchards.sapling_gravel":7,"stat.pickup.sky_orchards.resin_gold":9,"stat.fallOneCm":374295,"stat.craftItem.sky_orchards.sapling_redstone":1,"stat.pickup.minecraft.melon_seeds":2,"stat.crouchOneCm":107121,"stat.craftItem.minecraft.chest":9,"stat.craftItem.minecraft.iron_ingot":26,"stat.pickup.sky_orchards.resin_lapis":35,"stat.craftingTableInteraction":193,"stat.mineBlock.sky_orchards.leaves_sand":427,"stat.pickup.sky_orchards.sapling_sand":68,"stat.mineBlock.tconstruct.rack":2,"stat.craftItem.tconstruct.pattern":4,"stat.pickup.sky_orchards.acorn_redstone":4,"stat.pickup.minecraft.dye":14,"stat.pickup.minecraft.planks":45,"stat.pickup.sky_orchards.resin_iron":54,"stat.pickup.sky_orchards.sapling_gold":4,"stat.pickup.minecraft.wheat_seeds":2,"stat.mineBlock.sky_orchards.sapling_petrified":1,"stat.useItem.minecraft.stone_pickaxe":115,"stat.mineBlock.sky_orchards.log_bone":31,"stat.mineBlock.minecraft.dirt":3,"stat.pickup.sky_orchards.acorn_iron":42,"stat.mineBlock.sky_orchards.leaves_lapis":119,"stat.useItem.minecraft.torch":29,"stat.pickup.sky_orchards.sapling_iron":40,"stat.mineBlock.sky_orchards.sapling_dirt":2,"stat.pickup.inspirations.carrot_seeds":5,"stat.drop.minecraft.rotten_flesh":1,"stat.pickup.advancementbook.advancement_book":2,"stat.useItem.minecraft.log":9,"stat.pickup.minecraft.crafting_table":1,"stat.pickup.sky_orchards.acorn_gold":8,"stat.useItem.minecraft.cobblestone":2,"stat.craftItem.minecraft.crafting_table":2,"stat.craftItem.ceramics.clay_bucket":3,"stat.pickup.minecraft.log":740,"stat.craftItem.tcomplement.porcelain_melter":1,"stat.pickup.sky_orchards.resin_gravel":114,"stat.pickup.matteroverdrive.rogue_android_part":1,"stat.pickup.sky_orchards.acorn_sand":93,"stat.drop.minecraft.sapling":1,"stat.pickup.minecraft.sapling":24,"stat.drop.sky_orchards.sapling_lapis":1,"stat.pickup.minecraft.apple":2,"stat.mineBlock.sky_orchards.sapling_gravel":2,"stat.craftItem.minecraft.bucket":1,"stat.craftItem.minecraft.planks":840,"stat.killEntity.rogue_android":1,"stat.craftItem.minecraft.dirt":24,"stat.mineBlock.minecraft.log":51,"stat.mineBlock.sky_orchards.log_clay":62,"stat.pickup.rustic.sapling_apple":7,"stat.pickup.sky_orchards.acorn_lapis":12,"stat.useItem.sky_orchards.sapling_coal":6,"stat.pickup.minecraft.red_flower":4,"stat.sneakTime":32628,"stat.useItem.minecraft.wooden_axe":169,"stat.pickup.minecraft.yellow_flower":14,"stat.useItem.sky_orchards.leaves_sand":1,"stat.craftItem.minecraft.cobblestone":38,"stat.useItem.sky_orchards.sapling_dirt":20,"stat.drop.minecraft.wooden_axe":1,"stat.drop.minecraft.stone_pickaxe":1,"stat.pickup.minecraft.bone":3,"stat.craftItem.ceramics.unfired_clay":275,"stat.mineBlock.minecraft.cobblestone":141,"stat.mineBlock.sky_orchards.leaves_gravel":146,"stat.pickup.minecraft.flint":12,"stat.mineBlock.minecraft.yellow_flower":14,"stat.killEntity.Human":6,"stat.pickup.sky_orchards.resin_dirt":531,"stat.pickup.pickletweaks.coal_piece":15,"stat.craftItem.sky_orchards.amber_iron":18,"stat.swimOneCm":5359,"stat.craftItem.inspirations.stone_crook":17,"stat.useItem.sky_orchards.sapling_bone":5,"stat.mineBlock.sky_orchards.leaves_redstone":27,"stat.useItem.minecraft.dirt":11,"stat.useItem.minecraft.stone_slab2":107,"stat.mineBlock.tconstruct.wood_rail":1,"stat.craftItem.minecraft.furnace":2,"stat.craftItem.minecraft.bone_block":6,"stat.craftItem.sky_orchards.sapling_bone":1,"stat.craftItem.minecraft.stone_pickaxe":2,"stat.mineBlock.sky_orchards.leaves_dirt":512,"stat.pickup.minecraft.cobblestone":95,"stat.craftItem.sky_orchards.amber_gold":2,"stat.flyOneCm":81067,"stat.mineBlock.sky_orchards.leaves_coal":111,"stat.pickup.sky_orchards.sapling_lead":6,"stat.pickup.sky_orchards.resin_coal":58,"stat.craftItem.minecraft.wooden_slab":12,"stat.craftItem.sky_orchards.amber_lapis":1,"stat.pickup.sky_orchards.sapling_petrified":217,"stat.mineBlock.morecauldrons.cobble_cauldron":1,"stat.timeSinceDeath":102541,"stat.mineBlock.sky_orchards.sapling_sand":1,"stat.craftItem.tcomplement.porcelain_tank":1,"stat.useItem.sky_orchards.sapling_clay":7,"stat.pickup.sky_orchards.acorn_lead":7,"stat.useItem.tp.toasted_bread":1,"stat.mineBlock.minecraft.ladder":3,"stat.pickup.tcomplement.porcelain_casting":3,"stat.mineBlock.sky_orchards.leaves_clay":203,"stat.craftItem.minecraft.stone_slab2":0,"stat.craftItem.tconstruct.stone_stick":32,"stat.useItem.sky_orchards.sapling_petrified":35,"stat.craftItem.tconstruct.tooltables":3,"stat.sprintOneCm":152926,"stat.mineBlock.tcomplement.porcelain_melter":1,"stat.craftItem.minecraft.stick":80,"stat.craftItem.minecraft.wooden_axe":5,"stat.mineBlock.sky_orchards.leaves_petrified":814,"stat.mineBlock.sky_orchards.sapling_iron":1,"stat.mineBlock.minecraft.crafting_table":1,"stat.pickup.inspirations.wooden_crook":1,"stat.craftItem.minecraft.clay_ball":48,"stat.mineBlock.sky_orchards.log_lead":5,"stat.pickup.xlfoodmod.coffee_cup":1,"stat.mineBlock.minecraft.planks":44,"stat.drop":21,"stat.craftItem.sky_orchards.sapling_clay":1,"stat.mineBlock.rustic.leaves_apple":40,"stat.useItem.minecraft.ladder":2,"stat.killEntity.Zombie":2,"stat.craftItem.minecraft.dye":65,"stat.craftItem.minecraft.clay":12,"stat.diveOneCm":15845,"stat.useItem.inspirations.stone_crook":2204,"stat.craftItem.minecraft.ladder":6,"stat.mineBlock.sky_orchards.leaves_bone":264,"stat.pickup.sky_orchards.amber_lead":1,"stat.useItem.minecraft.apple":1,"stat.craftItem.sky_orchards.sapling_coal":1,"stat.pickup.sky_orchards.resin_clay":87,"stat.jump":747,"stat.craftItem.tconstruct.rack":2,"stat.pickup.sky_orchards.sapling_redstone":8,"stat.useItem.minecraft.stone_axe":644,"stat.craftItem.minecraft.torch":116,"stat.mineBlock.sky_orchards.log_sand":72,"stat.pickup.minecraft.dirt":17,"stat.pickup.sky_orchards.resin_bone":47,"stat.useItem.minecraft.sapling":5,"stat.craftItem.minecraft.flint_and_steel":1,"stat.drop.inspirations.stone_crook":1,"stat.pickup.minecraft.leaves":44,"stat.mineBlock.sky_orchards.log_lapis":25,"stat.damageTaken":2156,"stat.mineBlock.minecraft.torch":6,"stat.mineBlock.minecraft.red_flower":4,"stat.useItem.minecraft.wooden_pickaxe":33,"stat.mineBlock.sky_orchards.log_redstone":4,"stat.pickup.sky_orchards.sapling_clay":61,"stat.pickup.statues.blockplayerstatue":7,"stat.damageDealt":2377,"stat.craftItem.minecraft.glass":2,"stat.pickup.tconstruct.stone_stick":1,"stat.mineBlock.sky_orchards.log_iron":41,"stat.pickup.sky_orchards.acorn_bone":30,"stat.walkOneCm":932525,"stat.pickup.ceramics.clay_bucket":2,"stat.useItem.morecauldrons.oak_cauldron":1,"stat.useItem.minecraft.chest":4,"stat.playerKills":1,"stat.useItem.tconstruct.wood_rail":1,"stat.pickup.minecraft.stick":5,"stat.pickup.sky_orchards.sapling_bone":45,"stat.craftItem.inspirations.wooden_crook":14,"stat.pickup.sky_orchards.acorn_clay":67,"stat.pickup.rustic.apple_seeds":1,"stat.pickup.sky_orchards.leaves_sand":30,"stat.craftItem.morecauldrons.oak_cauldron":4,"stat.drop.minecraft.iron_block":1,"stat.craftItem.ceramics.faucet":2,"stat.mineBlock.sky_orchards.log_gravel":45,"stat.drop.inspirations.wooden_crook":1,"stat.craftItem.rustic.crushing_tub":1,"stat.pickup.sky_orchards.acorn_gravel":61,"stat.mineBlock.sky_orchards.leaves_lead":38,"stat.pickup.sky_orchards.sapling_gravel":33,"stat.pickup.minecraft.ladder":2,"stat.drop.sky_orchards.sapling_dirt":2,"stat.useItem.sky_orchards.acorn_clay":3,"stat.mineBlock.tcomplement.porcelain_casting":3,"stat.mobKills":10,"stat.craftItem.minecraft.shears":1,"stat.drop.tconstruct.wood_rail":4,"stat.mineBlock.sky_orchards.log_gold":6,"stat.mineBlock.minecraft.leaves":214,"stat.pickup.minecraft.beetroot_seeds":4,"stat.mineBlock.rustic.crushing_tub":7,"stat.pickup.minecraft.torch":11,"stat.mineBlock.sky_orchards.log_petrified":185}