{"stat.chestOpened":114,"stat.useItem.inspirations.stone_crook":513,"stat.craftItem.ceramics.unfired_clay":2,"stat.leaveGame":2,"stat.mineBlock.sky_orchards.leaves_gravel":88,"stat.pickup.minecraft.flint":7,"stat.killEntity.Human":1,"stat.pickup.sky_orchards.acorn_petrified":95,"stat.pickup.sky_orchards.resin_dirt":70,"stat.useItem.inspirations.wooden_crook":676,"stat.pickup.sky_orchards.resin_clay":76,"stat.jump":906,"stat.swimOneCm":323,"stat.craftItem.tconstruct.rack":3,"stat.pickup.rustic.crushing_tub":1,"stat.fallOneCm":1699183,"stat.useItem.minecraft.planks":153,"stat.craftItem.sky_orchards.sapling_petrified":1,"stat.craftItem.bonsaitrees.bonsaipot":2,"stat.useItem.minecraft.stone_axe":126,"stat.crouchOneCm":34482,"stat.mineBlock.sky_orchards.log_dirt":46,"stat.craftItem.inspirations.stone_crook":5,"stat.mineBlock.minecraft.chest":4,"stat.craftItem.minecraft.chest":8,"stat.useItem.minecraft.dirt":1,"stat.pickup.minecraft.dirt":1,"stat.useItem.minecraft.stone_slab2":46,"stat.pickup.bonsaitrees.bonsaipot":1,"stat.craftingTableInteraction":59,"stat.craftItem.minecraft.furnace":1,"stat.pickup.sky_orchards.resin_bone":2,"stat.craftItem.sky_orchards.sapling_gravel":1,"stat.pickup.sky_orchards.sapling_dirt":64,"stat.craftItem.minecraft.stone_axe":1,"stat.craftItem.sky_orchards.sapling_bone":1,"stat.damageTaken":8192,"stat.mineBlock.minecraft.torch":12,"stat.mineBlock.sky_orchards.leaves_dirt":343,"stat.pickup.minecraft.planks":31,"stat.flyOneCm":240702,"stat.craftItem.minecraft.wooden_slab":18,"stat.pickup.sky_orchards.resin_petrified":94,"stat.pickup.sky_orchards.sapling_clay":42,"stat.pickup.statues.blockplayerstatue":4,"stat.damageDealt":668,"stat.pickup.sky_orchards.sapling_petrified":91,"stat.timeSinceDeath":2051,"stat.mineBlock.minecraft.dirt":2,"stat.craftItem.minecraft.gravel":3,"stat.drop.simpletomb.grave_key":1,"stat.pickup.sky_orchards.acorn_bone":3,"stat.drop.sky_orchards.acorn_sand":1,"stat.walkOneCm":235617,"stat.pickup.ceramics.clay_bucket":2,"stat.useItem.minecraft.torch":1,"stat.playerKills":5,"stat.useItem.minecraft.chest":10,"stat.mineBlock.sky_orchards.sapling_dirt":1,"stat.pickup.minecraft.stick":5,"stat.pickup.sky_orchards.sapling_bone":1,"stat.craftItem.minecraft.crafting_table":2,"stat.craftItem.inspirations.wooden_crook":9,"stat.furnaceInteraction":16,"stat.pickup.sky_orchards.acorn_clay":32,"stat.useItem.tconstruct.rack":1,"stat.useItem.sky_orchards.sapling_clay":5,"stat.craftItem.ceramics.clay_bucket":1,"stat.craftItem.morecauldrons.oak_cauldron":1,"stat.mineBlock.sky_orchards.sapling_clay":1,"stat.useItem.xlfoodmod.coffee":1,"stat.useItem.tp.toasted_bread":1,"stat.pickup.minecraft.log":158,"stat.craftItem.sky_orchards.acorn_dirt":1,"stat.mineBlock.sky_orchards.log_gravel":11,"stat.pickup.sky_orchards.resin_gravel":24,"stat.craftItem.rustic.crushing_tub":1,"stat.pickup.sky_orchards.acorn_gravel":27,"stat.mineBlock.sky_orchards.leaves_clay":287,"stat.pickup.sky_orchards.acorn_sand":2,"stat.craftItem.tconstruct.stone_stick":8,"stat.useItem.sky_orchards.sapling_petrified":11,"stat.pickup.sky_orchards.acorn_dirt":52,"stat.sprintOneCm":149307,"stat.pickup.sky_orchards.sapling_gravel":20,"stat.craftItem.minecraft.stick":32,"stat.pickup.ceramics.unfired_clay":9,"stat.drop.sky_orchards.sapling_dirt":1,"stat.mineBlock.sky_orchards.sapling_gravel":1,"stat.mineBlock.sky_orchards.leaves_petrified":612,"stat.craftItem.minecraft.planks":320,"stat.craftItem.minecraft.dirt":5,"stat.pickup.sky_orchards.leaves_gravel":2,"stat.mobKills":1,"stat.craftItem.minecraft.clay_ball":16,"stat.mineBlock.minecraft.log":1,"stat.mineBlock.sky_orchards.log_clay":30,"stat.deaths":24,"stat.mineBlock.minecraft.planks":8,"stat.drop":3,"stat.mineBlock.rustic.crushing_tub":1,"stat.playOneMinute":163828,"stat.pickup.minecraft.torch":13,"stat.craftItem.sky_orchards.sapling_clay":1,"stat.sneakTime":11296,"stat.useItem.sky_orchards.acorn_dirt":1,"stat.mineBlock.bonsaitrees.bonsaipot":1,"stat.craftItem.minecraft.brick":10,"stat.craftItem.minecraft.clay":4,"stat.craftItem.minecraft.cobblestone":15,"stat.useItem.sky_orchards.sapling_dirt":8,"stat.mineBlock.sky_orchards.log_petrified":65,"stat.pickup.minecraft.chest":4}