{"stat.chestOpened":24,"stat.walkOneCm":28926,"stat.pickup.sky_orchards.sapling_dirt":7,"stat.craftItem.minecraft.planks":60,"stat.leaveGame":2,"stat.damageTaken":43,"stat.craftItem.minecraft.dirt":1,"stat.craftItem.minecraft.crafting_table":1,"stat.mineBlock.sky_orchards.leaves_dirt":74,"stat.pickup.sky_orchards.resin_dirt":25,"stat.useItem.xlfoodmod.coffee":1,"stat.pickup.minecraft.planks":1,"stat.useItem.tp.toasted_bread":1,"stat.pickup.minecraft.log":15,"stat.flyOneCm":24631,"stat.mineBlock.minecraft.planks":1,"stat.drop":1,"stat.jump":137,"stat.playOneMinute":26638,"stat.fallOneCm":2241,"stat.useItem.minecraft.planks":56,"stat.sneakTime":1680,"stat.damageDealt":20,"stat.crouchOneCm":6211,"stat.mineBlock.sky_orchards.log_dirt":16,"stat.timeSinceDeath":26638,"stat.pickup.sky_orchards.acorn_dirt":6,"stat.sprintOneCm":18954,"stat.drop.tconstruct.cast_custom":1,"stat.useItem.minecraft.stone_slab2":5,"stat.useItem.sky_orchards.sapling_dirt":3,"stat.craftingTableInteraction":13}