{"stat.walkOneCm":14094,"stat.playerKills":2,"stat.craftItem.minecraft.planks":24,"stat.damageTaken":1061,"stat.pickup.sky_orchards.resin_dirt":11,"stat.pickup.minecraft.planks":1,"stat.pickup.minecraft.log":6,"stat.flyOneCm":30298,"stat.deaths":4,"stat.mineBlock.minecraft.planks":1,"stat.jump":125,"stat.playOneMinute":7645,"stat.fallOneCm":170012,"stat.useItem.minecraft.planks":22,"stat.pickup.sky_orchards.acorn_gravel":2,"stat.sneakTime":1609,"stat.damageDealt":325,"stat.pickup.sky_orchards.sapling_petrified":1,"stat.crouchOneCm":4056,"stat.mineBlock.sky_orchards.log_dirt":6,"stat.timeSinceDeath":978,"stat.pickup.sky_orchards.acorn_dirt":1,"stat.sprintOneCm":9942,"stat.useItem.minecraft.stone_slab2":5}