{"stat.drop.sky_orchards.acorn_sand":1,"stat.walkOneCm":27903,"stat.playerKills":2,"stat.pickup.sky_orchards.sapling_dirt":13,"stat.craftItem.minecraft.planks":64,"stat.damageTaken":1353,"stat.craftItem.minecraft.dirt":1,"stat.craftItem.minecraft.crafting_table":1,"stat.craftItem.inspirations.wooden_crook":1,"stat.mineBlock.minecraft.torch":1,"stat.mineBlock.sky_orchards.leaves_dirt":109,"stat.pickup.sky_orchards.resin_dirt":32,"stat.useItem.inspirations.wooden_crook":46,"stat.pickup.minecraft.planks":1,"stat.useItem.xlfoodmod.coffee":1,"stat.useItem.tp.toasted_bread":1,"stat.pickup.minecraft.log":21,"stat.flyOneCm":38813,"stat.deaths":4,"stat.mineBlock.minecraft.planks":2,"stat.drop":1,"stat.jump":145,"stat.craftItem.tconstruct.rack":1,"stat.playOneMinute":23964,"stat.fallOneCm":171757,"stat.useItem.minecraft.planks":52,"stat.pickup.minecraft.torch":1,"stat.craftItem.minecraft.wooden_slab":6,"stat.sneakTime":3514,"stat.pickup.statues.blockplayerstatue":2,"stat.damageDealt":263,"stat.pickup.sky_orchards.acorn_sand":1,"stat.crouchOneCm":13274,"stat.mineBlock.sky_orchards.log_dirt":21,"stat.timeSinceDeath":420,"stat.pickup.sky_orchards.acorn_dirt":14,"stat.sprintOneCm":21976,"stat.useItem.minecraft.stone_slab2":9,"stat.useItem.sky_orchards.sapling_dirt":3,"stat.craftItem.minecraft.stick":8,"stat.craftingTableInteraction":9}