{"stat.mineBlock.sky_orchards.log_coal":37,"stat.pickup.minecraft.bone":2,"stat.craftItem.sky_orchards.sapling_sand":1,"stat.craftItem.ceramics.unfired_clay":1,"stat.leaveGame":11,"stat.mineBlock.sky_orchards.leaves_gravel":146,"stat.pickup.minecraft.flint":12,"stat.pickup.sky_orchards.resin_dirt":481,"stat.pickup.pickletweaks.coal_piece":15,"stat.craftItem.sky_orchards.amber_iron":3,"stat.pickup.rustic.crushing_tub":5,"stat.useItem.minecraft.planks":291,"stat.craftItem.sky_orchards.sapling_petrified":1,"stat.mineBlock.sky_orchards.log_dirt":100,"stat.craftItem.inspirations.stone_crook":8,"stat.useItem.minecraft.dirt":8,"stat.useItem.minecraft.stone_slab2":67,"stat.drop.sky_orchards.sapling_petrified":1,"stat.craftItem.minecraft.furnace":1,"stat.craftItem.sky_orchards.sapling_gravel":1,"stat.pickup.sky_orchards.sapling_dirt":81,"stat.craftItem.minecraft.stone_axe":4,"stat.mineBlock.sky_orchards.leaves_dirt":399,"stat.flyOneCm":51617,"stat.mineBlock.sky_orchards.leaves_coal":111,"stat.pickup.sky_orchards.resin_coal":58,"stat.craftItem.minecraft.wooden_slab":12,"stat.pickup.sky_orchards.resin_petrified":185,"stat.pickup.sky_orchards.sapling_petrified":123,"stat.timeSinceDeath":6525,"stat.mineBlock.sky_orchards.sapling_sand":1,"stat.furnaceInteraction":34,"stat.useItem.sky_orchards.sapling_clay":4,"stat.useItem.tp.toasted_bread":1,"stat.pickup.sky_orchards.acorn_coal":32,"stat.mineBlock.sky_orchards.leaves_clay":98,"stat.craftItem.minecraft.stone_slab2":0,"stat.craftItem.tconstruct.stone_stick":12,"stat.drop.sky_orchards.acorn_dirt":4,"stat.useItem.sky_orchards.sapling_petrified":23,"stat.pickup.sky_orchards.acorn_dirt":123,"stat.sprintOneCm":58080,"stat.pickup.sky_orchards.sapling_coal":31,"stat.craftItem.minecraft.stick":36,"stat.craftItem.minecraft.wooden_axe":5,"stat.pickup.ceramics.unfired_clay":1,"stat.mineBlock.sky_orchards.leaves_petrified":584,"stat.mineBlock.minecraft.crafting_table":1,"stat.craftItem.minecraft.clay_ball":4,"stat.mineBlock.minecraft.planks":26,"stat.deaths":3,"stat.drop":10,"stat.playOneMinute":223952,"stat.pickup.tconstruct.rack":2,"stat.craftItem.sky_orchards.sapling_clay":1,"stat.craftItem.minecraft.dye":3,"stat.craftItem.minecraft.clay":8,"stat.useItem.sky_orchards.sapling_sand":6,"stat.chestOpened":253,"stat.useItem.inspirations.stone_crook":821,"stat.pickup.inspirations.stone_crook":1,"stat.pickup.tp.toasted_bread":1,"stat.pickup.sky_orchards.acorn_petrified":118,"stat.useItem.inspirations.wooden_crook":468,"stat.pickup.sky_orchards.resin_sand":44,"stat.craftItem.minecraft.coal":29,"stat.craftItem.sky_orchards.sapling_coal":1,"stat.pickup.sky_orchards.resin_clay":59,"stat.jump":434,"stat.useItem.sky_orchards.sapling_gravel":7,"stat.craftItem.tconstruct.rack":2,"stat.fallOneCm":271110,"stat.useItem.minecraft.stone_axe":297,"stat.crouchOneCm":62153,"stat.craftItem.minecraft.chest":8,"stat.craftItem.minecraft.torch":44,"stat.mineBlock.sky_orchards.log_sand":29,"stat.craftItem.minecraft.iron_ingot":3,"stat.pickup.minecraft.dirt":11,"stat.craftingTableInteraction":104,"stat.mineBlock.sky_orchards.leaves_sand":154,"stat.pickup.sky_orchards.sapling_sand":31,"stat.useItem.minecraft.sapling":1,"stat.mineBlock.tconstruct.rack":2,"stat.drop.inspirations.stone_crook":1,"stat.pickup.minecraft.leaves":42,"stat.damageTaken":1102,"stat.mineBlock.minecraft.torch":3,"stat.pickup.minecraft.dye":1,"stat.pickup.minecraft.planks":34,"stat.mineBlock.sky_orchards.sapling_petrified":1,"stat.pickup.sky_orchards.sapling_clay":38,"stat.pickup.statues.blockplayerstatue":1,"stat.damageDealt":688,"stat.pickup.tconstruct.stone_stick":1,"stat.mineBlock.minecraft.dirt":3,"stat.walkOneCm":454285,"stat.pickup.ceramics.clay_bucket":2,"stat.useItem.minecraft.torch":16,"stat.useItem.morecauldrons.oak_cauldron":1,"stat.useItem.minecraft.chest":3,"stat.playerKills":1,"stat.useItem.minecraft.log":1,"stat.pickup.minecraft.crafting_table":1,"stat.craftItem.minecraft.crafting_table":1,"stat.craftItem.inspirations.wooden_crook":14,"stat.pickup.sky_orchards.acorn_clay":53,"stat.craftItem.ceramics.clay_bucket":1,"stat.craftItem.morecauldrons.oak_cauldron":2,"stat.pickup.minecraft.log":401,"stat.mineBlock.sky_orchards.log_gravel":45,"stat.drop.inspirations.wooden_crook":1,"stat.pickup.sky_orchards.resin_gravel":66,"stat.craftItem.rustic.crushing_tub":1,"stat.pickup.sky_orchards.acorn_gravel":61,"stat.pickup.matteroverdrive.rogue_android_part":1,"stat.pickup.sky_orchards.acorn_sand":50,"stat.pickup.minecraft.sapling":18,"stat.pickup.sky_orchards.sapling_gravel":33,"stat.drop.sky_orchards.sapling_dirt":2,"stat.mineBlock.sky_orchards.sapling_gravel":2,"stat.useItem.sky_orchards.acorn_clay":3,"stat.craftItem.minecraft.planks":460,"stat.killEntity.rogue_android":1,"stat.craftItem.minecraft.dirt":17,"stat.mobKills":1,"stat.mineBlock.minecraft.log":22,"stat.craftItem.minecraft.shears":1,"stat.mineBlock.sky_orchards.log_clay":43,"stat.mineBlock.minecraft.leaves":175,"stat.mineBlock.rustic.crushing_tub":5,"stat.pickup.minecraft.torch":5,"stat.useItem.sky_orchards.sapling_coal":6,"stat.sneakTime":18584,"stat.useItem.minecraft.wooden_axe":169,"stat.craftItem.minecraft.cobblestone":22,"stat.useItem.sky_orchards.sapling_dirt":14,"stat.mineBlock.sky_orchards.log_petrified":125,"stat.drop.minecraft.wooden_axe":1}