{"stat.drop.sky_orchards.acorn_sand":1,"stat.walkOneCm":49337,"stat.useItem.minecraft.torch":1,"stat.playerKills":5,"stat.pickup.sky_orchards.sapling_dirt":15,"stat.craftItem.minecraft.planks":84,"stat.leaveGame":1,"stat.damageTaken":6642,"stat.craftItem.minecraft.dirt":1,"stat.craftItem.minecraft.crafting_table":1,"stat.craftItem.inspirations.wooden_crook":1,"stat.mineBlock.minecraft.torch":2,"stat.mineBlock.sky_orchards.leaves_dirt":112,"stat.pickup.sky_orchards.resin_dirt":32,"stat.useItem.inspirations.wooden_crook":50,"stat.pickup.minecraft.planks":1,"stat.useItem.xlfoodmod.coffee":1,"stat.useItem.tp.toasted_bread":1,"stat.pickup.minecraft.log":21,"stat.flyOneCm":132606,"stat.deaths":20,"stat.mineBlock.minecraft.planks":2,"stat.drop":1,"stat.jump":348,"stat.craftItem.tconstruct.rack":1,"stat.playOneMinute":37725,"stat.fallOneCm":1184719,"stat.useItem.minecraft.planks":70,"stat.pickup.minecraft.torch":2,"stat.craftItem.minecraft.wooden_slab":6,"stat.sneakTime":5015,"stat.pickup.statues.blockplayerstatue":4,"stat.damageDealt":648,"stat.pickup.sky_orchards.acorn_sand":2,"stat.crouchOneCm":17636,"stat.mineBlock.sky_orchards.log_dirt":21,"stat.timeSinceDeath":155,"stat.pickup.sky_orchards.acorn_dirt":18,"stat.sprintOneCm":45051,"stat.useItem.minecraft.stone_slab2":10,"stat.useItem.sky_orchards.sapling_dirt":4,"stat.craftItem.minecraft.stick":8,"stat.craftingTableInteraction":9}